customer_id,age,tenure_months,monthly_spend,support_tickets,satisfaction_score,channel,issue_type,resolved,churn_risk,priority
C0001,22,38,123.7,3,3,web,technical,1,0.544,high
C0002,58,19,64.64,1,5,web,product,1,0.386,medium
C0003,52,17,60.12,3,3,call,product,1,0.704,high
C0004,40,23,106.09,2,5,web,billing,1,0.787,medium
C0005,40,43,124.6,5,4,store,billing,1,0.483,high
C0006,62,18,91.41,4,2,call,technical,0,0.425,critical
C0007,22,65,44.98,4,1,web,billing,1,0.577,critical
C0008,54,35,42.39,1,5,store,technical,1,0.585,medium
C0009,28,62,40.05,2,3,web,account,1,0.425,medium
C0010,22,49,28.13,2,5,app,billing,0,0.758,medium
C0011,45,24,93.83,2,5,app,technical,1,0.4,medium
C0012,68,17,129.38,2,3,web,product,1,0.453,medium
C0013,56,53,89.53,6,1,store,technical,0,0.605,critical
C0014,57,24,20.0,2,5,store,billing,1,0.987,critical
C0015,55,18,83.32,1,3,app,billing,1,0.261,medium
C0016,58,67,84.3,3,1,web,account,1,0.232,critical
C0017,44,35,163.36,7,3,store,billing,1,0.177,high
C0018,24,4,39.0,0,1,app,product,0,0.689,critical
C0019,61,36,76.33,0,2,web,product,1,0.449,critical
C0020,41,33,149.7,1,2,store,billing,1,0.389,critical
C0021,44,62,105.75,2,3,web,product,1,0.204,medium
C0022,37,51,109.72,4,3,call,billing,1,0.891,critical
C0023,27,14,94.01,3,5,web,billing,1,0.443,high
C0024,66,11,101.55,3,2,app,technical,0,0.608,critical
C0025,58,43,117.22,1,4,store,account,1,0.113,medium
C0026,51,4,61.67,2,5,web,billing,0,0.108,medium
C0027,38,23,120.73,1,4,app,billing,1,0.067,medium
C0028,60,10,41.94,2,2,app,account,1,0.367,critical
C0029,46,2,101.49,1,4,call,billing,1,0.473,medium
C0030,41,66,96.26,1,2,call,account,1,0.245,critical
C0031,41,7,68.43,3,3,web,product,1,0.35,high
C0032,29,1,89.21,0,4,call,product,1,0.006,medium
C0033,22,67,68.21,3,2,web,product,1,0.351,critical
C0034,46,14,52.49,2,1,web,product,1,0.119,critical
C0035,64,58,77.62,2,5,app,billing,1,0.128,medium
C0036,21,3,51.36,5,4,call,account,1,0.005,high
C0037,62,11,101.3,0,1,web,account,1,0.696,critical
C0038,61,8,49.75,2,2,web,account,1,0.931,critical
C0039,32,51,114.92,1,2,app,product,1,0.622,critical
C0040,50,45,48.65,0,5,web,technical,1,0.096,medium
C0041,26,34,70.18,0,5,web,technical,0,0.99,critical
C0042,57,18,68.14,4,4,web,billing,0,0.976,critical
C0043,54,7,136.38,3,3,web,technical,1,0.468,high
C0044,36,41,101.56,1,1,web,product,1,0.108,critical
C0045,21,17,82.59,6,2,app,product,0,0.721,critical
C0046,68,42,107.46,2,1,web,technical,1,0.961,critical
C0047,41,49,20.0,3,4,store,technical,1,0.779,high
C0048,64,61,88.49,1,1,call,product,1,0.624,critical
C0049,53,36,159.91,0,4,store,technical,1,0.611,medium
C0050,58,1,94.63,2,5,call,account,1,0.978,critical
C0051,57,20,92.38,1,2,call,product,1,0.073,critical
C0052,28,61,109.18,0,4,call,billing,1,0.15,medium
C0053,36,38,121.35,3,5,call,billing,0,0.831,critical
C0054,42,44,20.09,1,3,call,product,1,0.145,medium
C0055,43,33,31.12,2,3,call,technical,1,0.383,medium
C0056,20,12,97.36,5,2,call,account,1,0.281,critical
C0057,46,64,64.98,0,3,web,billing,1,0.243,medium
C0058,26,55,135.92,0,5,call,billing,1,0.026,medium
C0059,56,71,78.97,0,4,call,technical,0,0.566,medium
C0060,53,61,22.29,4,2,web,product,1,0.401,critical
C0061,65,21,45.62,2,3,app,account,1,0.552,medium
C0062,56,19,20.0,1,4,web,account,0,0.305,medium
C0063,37,18,81.81,4,1,web,technical,1,0.941,critical
C0064,68,66,83.41,2,4,app,account,1,0.591,medium
C0065,39,40,75.14,3,2,web,billing,1,0.961,critical
C0066,34,33,127.76,1,2,store,product,1,0.35,critical
C0067,65,69,131.95,1,3,web,account,1,0.002,medium
C0068,37,43,84.04,2,3,app,technical,1,0.781,medium
C0069,21,65,20.0,4,5,store,account,1,0.827,critical
C0070,42,70,111.6,1,2,call,billing,1,0.059,critical
C0071,59,6,109.44,5,2,call,billing,1,0.625,critical
C0072,27,26,100.83,2,2,call,technical,0,0.661,critical
C0073,42,53,124.35,1,5,app,account,0,0.146,medium
C0074,24,58,49.23,2,5,app,technical,1,0.553,medium
C0075,53,11,160.31,0,3,store,account,0,0.243,medium
C0076,42,23,56.42,1,4,app,billing,0,0.016,medium
C0077,35,39,116.22,2,5,store,product,1,0.867,critical
C0078,29,57,30.94,3,5,web,product,1,0.492,high
C0079,47,9,57.44,6,4,web,billing,1,0.782,high
C0080,52,43,143.07,2,3,call,product,1,0.723,medium
C0081,66,22,80.87,1,5,web,product,1,0.994,critical
C0082,40,16,119.4,1,2,store,technical,1,0.438,critical
C0083,26,37,98.29,2,2,web,billing,1,0.428,critical
C0084,61,30,86.33,1,4,store,billing,1,0.282,medium
C0085,50,46,137.73,2,1,web,account,1,0.625,critical
C0086,54,23,81.72,4,3,app,product,0,0.486,high
C0087,23,59,27.67,2,5,web,account,0,0.729,medium
C0088,34,6,61.89,2,1,web,product,1,0.357,critical
C0089,57,62,109.29,2,5,store,account,1,0.131,medium
C0090,61,3,103.84,0,3,store,billing,1,0.862,critical
C0091,40,53,35.15,0,5,call,technical,1,0.828,critical
C0092,59,25,64.65,1,4,store,product,1,0.351,medium
C0093,61,28,69.64,4,1,web,billing,1,0.69,critical
C0094,38,2,77.21,0,4,app,billing,0,0.492,medium
C0095,64,50,41.84,1,1,store,product,1,0.761,critical
C0096,32,12,68.01,0,2,web,account,1,0.39,critical
C0097,30,47,64.5,1,5,call,product,1,0.536,medium
C0098,53,52,117.0,5,5,call,billing,1,0.058,high
C0099,51,61,118.32,2,1,call,account,1,0.175,critical
C0100,25,51,84.9,2,2,store,billing,1,0.782,critical
C0101,61,22,76.28,1,1,store,billing,1,0.382,critical
C0102,28,53,94.9,3,2,store,account,0,0.035,critical
C0103,59,59,61.42,3,5,web,product,1,0.168,high
C0104,18,23,49.86,0,1,web,account,1,0.412,critical
C0105,59,9,57.09,5,4,app,account,0,0.718,high
C0106,58,64,67.78,0,5,call,product,1,0.363,medium
C0107,58,11,49.28,1,5,store,billing,1,0.745,medium
C0108,52,43,95.67,2,2,web,technical,1,0.858,critical
C0109,42,17,115.54,4,4,call,account,1,0.341,high
C0110,54,9,34.45,3,3,web,account,1,0.8,high
C0111,32,56,90.88,3,1,web,technical,1,0.127,critical
C0112,58,11,82.3,2,2,web,technical,1,0.415,critical
C0113,46,48,101.95,2,4,call,billing,1,0.098,medium
C0114,41,50,89.55,1,4,call,technical,1,0.053,medium
C0115,44,5,39.12,4,3,web,account,1,0.065,high
C0116,47,13,45.82,2,4,web,billing,0,0.105,medium
C0117,19,57,91.03,4,4,call,technical,1,0.836,critical
C0118,25,37,126.01,1,2,store,account,1,0.544,critical
C0119,30,9,20.0,1,2,call,technical,1,0.947,critical
C0120,23,71,102.1,2,5,web,technical,1,0.538,medium
C0121,40,19,131.64,0,5,call,technical,1,0.629,medium
C0122,52,1,84.64,2,1,app,billing,1,0.184,critical
C0123,52,66,109.26,6,4,call,billing,1,0.541,high
C0124,42,2,65.39,1,1,web,billing,1,0.385,critical
C0125,62,40,85.82,1,5,call,billing,1,0.931,critical
C0126,47,71,33.27,1,3,web,billing,0,0.934,critical
C0127,22,42,20.0,1,4,web,technical,1,0.198,medium
C0128,57,42,123.0,2,4,web,billing,1,0.62,medium
C0129,47,28,55.53,4,4,app,account,0,0.638,high
C0130,51,10,74.06,1,2,store,billing,1,0.563,critical
C0131,47,41,41.47,0,5,app,technical,1,0.124,medium
C0132,46,64,40.65,6,3,store,account,1,0.654,high
C0133,22,7,83.92,0,3,store,billing,1,0.799,medium
C0134,47,63,64.46,2,2,web,technical,1,0.345,critical
C0135,59,30,103.23,0,1,call,account,1,0.515,critical
C0136,33,39,105.84,2,3,web,product,1,0.116,medium
C0137,49,12,101.23,0,2,store,billing,1,0.931,critical
C0138,19,45,98.35,2,4,web,product,1,0.11,medium
C0139,36,13,145.22,4,2,web,product,1,0.208,critical
C0140,40,20,52.63,1,5,store,technical,0,0.298,medium
C0141,69,52,88.08,0,4,web,billing,0,0.826,critical
C0142,29,4,129.64,4,3,web,billing,1,0.701,high
C0143,32,32,134.26,3,4,app,account,1,0.007,high
C0144,39,43,40.24,3,4,web,technical,1,0.184,high
C0145,69,10,79.07,1,4,web,billing,1,0.75,medium
C0146,62,21,137.53,3,3,web,technical,1,0.404,high
C0147,19,25,107.78,2,5,web,account,1,0.026,medium
C0148,30,48,96.83,6,2,call,billing,1,0.964,critical
C0149,60,70,82.38,5,3,web,billing,1,0.151,high
C0150,21,60,76.57,2,2,store,technical,1,0.51,critical
C0151,62,14,100.09,2,3,call,product,0,0.248,medium
C0152,32,2,81.17,5,5,web,technical,1,0.737,high
C0153,65,4,88.51,1,4,app,account,1,0.777,medium
C0154,33,43,92.75,4,2,app,billing,1,0.397,critical
C0155,40,12,66.27,7,5,web,technical,1,0.658,high
C0156,52,17,108.62,1,4,web,technical,1,0.909,critical
C0157,24,61,192.0,4,3,web,technical,1,0.815,critical
C0158,46,63,27.81,2,1,web,technical,1,0.415,critical
C0159,44,60,101.34,0,3,store,product,1,0.441,medium
C0160,58,19,63.39,2,5,store,technical,1,0.887,critical
C0161,69,44,110.21,0,3,store,product,0,0.034,medium
C0162,52,44,91.63,0,1,web,billing,1,0.023,critical
C0163,39,14,116.66,1,1,web,product,1,0.206,critical
C0164,39,40,131.14,3,5,app,technical,1,0.828,critical
C0165,39,38,96.73,1,3,app,technical,1,0.153,medium
C0166,60,29,129.62,3,4,web,billing,1,0.285,high
C0167,34,54,20.0,2,2,call,account,1,0.629,critical
C0168,26,49,145.67,2,1,store,account,1,0.184,critical
C0169,35,38,103.13,3,3,call,account,0,0.303,high
C0170,19,52,127.72,3,4,store,account,1,0.467,high
C0171,23,55,47.3,4,2,app,billing,1,0.228,critical
C0172,22,41,60.92,4,4,web,technical,1,0.992,critical
C0173,58,20,95.11,3,3,web,technical,1,0.163,high
C0174,55,54,89.4,2,2,app,account,1,0.85,critical
C0175,54,51,99.91,2,2,web,billing,1,0.47,critical
C0176,42,70,127.96,1,2,web,billing,1,0.129,critical
C0177,55,11,28.22,6,2,call,product,1,0.118,critical
C0178,26,30,124.08,2,4,call,billing,1,0.5,medium
C0179,64,66,90.29,3,2,call,product,0,0.354,critical
C0180,44,37,82.87,0,4,call,billing,1,0.235,medium
C0181,66,67,38.51,5,2,call,product,1,0.959,critical
C0182,25,1,107.61,1,2,web,account,1,0.463,critical
C0183,43,3,20.0,2,5,call,product,1,0.929,critical
C0184,54,57,112.69,1,5,call,billing,0,0.164,medium
C0185,43,26,37.78,1,3,app,billing,0,0.183,medium
C0186,41,37,91.87,4,2,web,billing,0,0.596,critical
C0187,26,31,85.83,2,4,web,billing,0,0.27,medium
C0188,37,29,130.93,3,1,call,product,1,0.185,critical
C0189,30,67,83.75,5,3,web,technical,1,0.095,high
C0190,33,7,65.71,2,3,web,billing,1,0.076,medium
C0191,53,55,72.27,4,4,app,billing,1,0.753,high
C0192,50,64,134.55,3,1,store,account,1,0.282,critical
C0193,49,47,108.77,1,1,web,billing,1,0.978,critical
C0194,36,29,76.5,2,2,web,technical,1,0.183,critical
C0195,67,12,81.72,2,1,web,technical,1,0.354,critical
C0196,22,49,35.15,2,3,call,billing,1,0.375,medium
C0197,35,34,103.6,1,5,store,account,0,0.5,medium
C0198,24,11,28.41,1,2,web,billing,1,0.871,critical
C0199,35,26,116.31,0,3,web,product,1,0.835,critical
C0200,68,69,94.5,1,2,web,product,0,0.01,critical
C0201,37,19,173.54,1,1,web,account,0,0.409,critical
C0202,65,13,51.5,4,4,web,product,1,0.828,critical
C0203,43,49,86.41,1,2,store,product,1,0.0,critical
C0204,54,15,152.94,1,3,web,technical,1,0.534,medium
C0205,41,66,131.7,3,4,web,technical,1,0.259,high
C0206,31,61,65.63,3,5,store,product,1,0.413,high
C0207,57,70,97.84,2,1,store,product,1,0.42,critical
C0208,68,65,90.07,2,3,web,technical,1,0.392,medium
C0209,31,18,99.87,1,5,web,billing,1,0.892,critical
C0210,58,16,65.55,0,3,web,billing,1,0.536,medium
C0211,31,25,86.87,3,1,web,technical,1,0.904,critical
C0212,55,34,34.07,0,2,call,billing,1,0.727,critical
C0213,59,63,94.73,1,4,web,technical,1,0.351,medium
C0214,41,53,105.75,3,4,call,billing,1,0.494,high
C0215,56,46,82.04,0,2,call,product,1,0.39,critical
C0216,32,63,33.47,0,1,web,product,0,0.829,critical
C0217,22,46,124.6,2,2,web,product,0,0.188,critical
C0218,23,27,102.76,2,2,web,product,1,0.936,critical
C0219,41,30,64.59,1,4,web,billing,1,0.58,medium
C0220,64,37,80.18,6,5,store,billing,1,0.612,high
C0221,24,7,37.48,7,1,web,product,0,0.517,critical
C0222,41,53,54.11,5,4,app,account,1,0.554,high
C0223,54,47,71.18,6,4,store,product,1,0.668,high
C0224,28,52,132.99,4,4,call,product,1,0.655,high
C0225,55,38,67.62,1,5,call,product,1,0.214,medium
C0226,33,56,112.41,2,1,store,product,1,0.582,critical
C0227,60,68,71.16,3,4,app,product,1,0.355,high
C0228,48,41,98.68,1,1,app,product,1,0.637,critical
C0229,46,32,85.05,3,5,web,billing,1,0.548,high
C0230,27,8,120.56,1,3,web,billing,1,0.18,medium
C0231,42,56,71.28,2,1,web,technical,1,0.735,critical
C0232,62,65,34.96,2,4,web,technical,0,0.457,medium
C0233,19,50,41.63,1,4,store,product,1,0.551,medium
C0234,57,62,71.38,3,3,web,technical,0,0.673,high
C0235,43,62,46.28,7,2,store,billing,1,0.653,critical
C0236,55,57,104.36,0,1,call,product,0,0.749,critical
C0237,52,36,73.7,2,5,web,billing,0,0.207,medium
C0238,40,8,173.11,3,1,store,account,0,0.11,critical
C0239,34,1,29.18,3,5,web,billing,0,0.669,high
C0240,50,15,97.13,2,3,call,technical,1,0.236,medium
C0241,25,31,50.52,0,4,call,technical,1,0.115,medium
C0242,48,53,72.73,1,4,web,billing,1,0.131,medium
C0243,22,33,94.95,4,5,call,billing,1,0.313,high
C0244,51,2,20.0,0,1,web,billing,0,0.992,critical
C0245,50,15,98.29,1,5,call,technical,1,0.157,medium
C0246,22,70,156.6,1,1,store,technical,1,0.299,critical
C0247,57,71,74.13,1,5,store,product,0,0.921,critical
C0248,39,27,99.09,4,2,call,billing,1,0.963,critical
C0249,58,58,125.87,1,5,app,technical,1,0.229,medium
C0250,20,52,84.26,2,1,call,billing,1,0.88,critical
C0251,27,67,69.67,4,3,store,account,1,0.139,high
C0252,43,64,20.0,1,3,call,product,0,0.762,medium
C0253,27,45,112.43,2,5,store,account,1,0.013,medium
C0254,35,29,86.04,3,1,call,account,1,0.407,critical
C0255,52,45,54.56,3,1,app,technical,1,0.247,critical
C0256,25,23,94.43,2,4,web,product,1,0.704,medium
C0257,53,25,69.57,3,1,web,technical,1,0.016,critical
C0258,23,44,71.51,5,4,web,account,0,0.465,high
C0259,27,41,111.22,1,1,web,technical,1,0.697,critical
C0260,48,42,43.16,2,5,web,technical,1,0.047,medium
C0261,59,28,126.66,2,3,web,account,1,0.897,critical
C0262,26,30,41.08,3,5,store,account,1,0.361,high
C0263,33,1,66.81,1,1,web,account,1,0.165,critical
C0264,66,43,157.3,3,2,web,billing,1,0.225,critical
C0265,69,41,129.46,2,3,call,billing,1,0.339,medium
C0266,48,67,93.42,2,1,web,technical,0,0.198,critical
C0267,41,36,57.08,1,1,store,technical,1,0.511,critical
C0268,36,34,71.48,2,2,call,technical,1,0.633,critical
C0269,49,5,92.56,1,4,app,billing,1,0.433,medium
C0270,48,14,91.31,4,4,store,product,1,0.427,high
C0271,33,25,86.82,1,1,web,billing,1,0.782,critical
C0272,19,27,88.92,4,1,web,product,1,0.301,critical
C0273,25,26,82.5,4,4,app,account,1,0.623,high
C0274,67,28,39.53,2,2,call,product,1,0.893,critical
C0275,39,55,71.92,1,4,call,technical,1,0.222,medium
C0276,43,10,122.01,4,2,call,billing,1,0.62,critical
C0277,42,24,42.11,5,2,web,billing,1,0.948,critical
C0278,58,12,83.37,3,2,store,product,1,0.53,critical
C0279,21,22,61.31,3,2,call,technical,1,0.977,critical
C0280,22,49,93.9,2,4,app,billing,1,0.31,medium
C0281,32,4,76.4,2,3,web,account,0,0.564,medium
C0282,43,25,141.71,2,4,store,product,1,0.311,medium
C0283,52,2,107.73,4,1,web,account,1,0.004,critical
C0284,43,68,44.09,2,3,app,technical,1,0.997,critical
C0285,40,52,113.49,2,3,web,account,1,0.24,medium
C0286,66,18,62.89,0,5,call,billing,1,0.973,critical
C0287,26,15,69.81,1,3,web,billing,1,0.653,medium
C0288,47,8,100.98,1,1,call,account,1,0.904,critical
C0289,46,34,72.79,2,4,call,account,1,0.967,critical
C0290,42,54,121.25,2,1,web,technical,1,0.568,critical
C0291,59,42,62.89,3,5,app,billing,1,1.0,critical
C0292,31,63,68.34,3,2,app,technical,1,0.767,critical
C0293,67,25,67.03,2,4,app,product,1,0.524,medium
C0294,35,20,70.2,2,4,web,account,1,0.655,medium
C0295,46,34,128.47,0,3,call,technical,1,0.194,medium
C0296,45,15,112.01,1,3,store,billing,1,0.011,medium
C0297,62,70,149.85,1,1,store,product,1,0.257,critical
C0298,40,14,169.37,2,1,store,product,1,0.435,critical
C0299,32,34,53.92,1,4,call,technical,1,0.228,medium
C0300,19,38,92.46,1,5,web,product,1,0.514,medium
C0301,36,5,48.83,1,5,store,account,1,0.658,medium
C0302,60,34,62.78,1,2,web,billing,1,0.656,critical
C0303,18,33,67.95,2,2,web,product,1,0.894,critical
C0304,64,19,53.0,1,2,web,product,1,0.966,critical
C0305,46,10,53.18,1,4,web,technical,1,0.891,critical
C0306,25,4,84.95,4,4,call,account,1,0.62,high
C0307,33,1,47.41,1,4,store,product,1,0.206,medium
C0308,46,35,119.47,0,5,web,technical,1,0.943,critical
C0309,34,7,57.88,0,2,call,billing,1,0.175,critical
C0310,23,69,188.33,2,4,app,product,1,0.151,medium
C0311,52,18,74.2,3,3,app,billing,0,0.318,high
C0312,52,47,92.52,1,5,app,billing,0,0.574,medium
C0313,24,48,44.66,1,2,app,technical,1,0.681,critical
C0314,32,36,149.71,1,1,store,product,0,0.013,critical
C0315,30,63,129.18,1,2,app,account,0,0.778,critical
C0316,52,8,100.39,1,4,app,product,1,0.175,medium
C0317,55,17,42.86,2,5,web,account,1,0.296,medium
C0318,55,18,97.37,1,5,app,technical,1,0.322,medium
C0319,66,10,50.75,2,1,call,technical,1,0.332,critical
C0320,57,21,141.18,5,3,call,account,1,0.76,high
C0321,34,23,118.32,3,1,app,technical,1,0.041,critical
C0322,23,55,93.34,2,2,web,account,1,0.197,critical
C0323,49,22,20.0,2,5,store,technical,1,0.022,medium
C0324,65,63,55.58,3,5,call,billing,1,0.778,high
C0325,68,55,114.07,2,1,call,product,1,0.984,critical
C0326,29,65,132.45,1,1,app,billing,1,0.66,critical
C0327,30,8,128.82,1,4,app,billing,1,0.59,medium
C0328,19,70,34.28,5,3,call,billing,1,0.908,critical
C0329,25,44,100.55,3,3,app,billing,1,0.255,high
C0330,46,70,125.54,3,5,web,technical,1,0.066,high
C0331,46,26,31.96,1,5,app,account,1,0.51,medium
C0332,37,68,89.72,4,5,web,technical,1,0.26,high
C0333,34,42,99.58,2,4,store,account,1,0.451,medium
C0334,61,6,79.47,1,5,web,product,1,0.456,medium
C0335,41,30,25.17,3,4,store,billing,1,0.319,high
C0336,60,10,78.6,2,5,web,billing,1,0.486,medium
C0337,68,67,78.54,4,3,web,account,0,0.38,high
C0338,34,22,84.82,1,1,call,product,1,0.113,critical
C0339,28,16,70.28,1,5,call,account,0,0.867,critical
C0340,67,40,74.49,3,5,web,technical,1,0.701,high
C0341,51,31,88.61,3,2,call,product,1,0.041,critical
C0342,33,7,105.49,3,3,web,product,0,0.116,high
C0343,50,58,79.35,2,3,web,account,0,0.097,medium
C0344,44,61,75.66,4,4,web,billing,1,0.062,high
C0345,65,53,93.23,4,4,store,account,1,0.059,high
C0346,31,44,22.77,3,2,call,technical,1,0.157,critical
C0347,69,29,106.7,5,5,store,account,1,0.848,critical
C0348,66,39,89.98,5,5,app,technical,1,0.828,critical
C0349,27,37,91.39,3,5,store,product,1,0.783,high
C0350,26,12,123.63,4,3,call,technical,1,0.615,high
C0351,45,6,21.65,1,1,app,account,1,0.723,critical
C0352,20,18,20.92,2,5,web,billing,1,0.738,medium
C0353,33,33,99.58,0,1,web,technical,1,0.889,critical
C0354,40,12,89.75,3,1,web,product,1,0.732,critical
C0355,68,8,95.96,3,2,store,product,0,0.736,critical
C0356,69,61,73.83,0,1,store,technical,1,0.804,critical
C0357,25,27,113.25,1,4,web,product,1,0.556,medium
C0358,64,42,122.64,1,3,app,technical,1,0.213,medium
C0359,22,38,106.94,3,2,app,product,1,0.085,critical
C0360,56,53,80.87,2,1,web,product,1,0.419,critical
C0361,61,53,20.0,2,2,web,product,1,0.092,critical
C0362,64,22,116.92,5,4,web,account,0,0.169,high
C0363,29,61,132.76,5,4,web,technical,0,0.024,high
C0364,64,27,112.56,4,2,app,billing,0,0.3,critical
C0365,24,60,59.21,1,1,store,product,0,0.97,critical
C0366,44,29,113.58,1,3,web,billing,1,0.379,medium
C0367,42,8,120.12,3,4,store,billing,1,0.241,high
C0368,34,54,144.56,1,1,web,product,1,0.403,critical
C0369,19,3,59.34,2,4,store,technical,1,0.301,medium
C0370,58,55,82.07,2,1,store,technical,1,0.674,critical
C0371,35,4,116.15,3,2,call,account,1,0.634,critical
C0372,52,15,92.01,0,4,store,billing,1,0.027,medium
C0373,39,43,50.89,1,1,app,billing,1,0.511,critical
C0374,37,67,104.51,3,2,web,billing,1,0.036,critical
C0375,64,30,110.25,1,1,call,billing,1,0.677,critical
C0376,22,9,93.08,1,2,web,product,1,0.936,critical
C0377,56,17,97.69,3,4,web,product,1,0.907,critical
C0378,56,64,80.95,1,2,app,product,1,0.206,critical
C0379,37,52,141.74,3,1,call,billing,1,0.743,critical
C0380,31,8,58.48,3,2,web,technical,1,0.793,critical
C0381,18,28,69.44,2,1,store,billing,1,0.864,critical
C0382,66,19,90.38,1,4,call,product,1,0.26,medium
C0383,67,13,120.76,5,5,app,product,0,0.451,high
C0384,30,61,37.59,2,1,call,billing,1,0.222,critical
C0385,19,44,44.14,1,4,web,account,0,0.024,medium
C0386,24,13,20.0,2,2,store,product,1,0.659,critical
C0387,21,47,91.14,1,1,web,technical,1,0.431,critical
C0388,61,30,50.86,2,4,web,product,0,0.248,medium
C0389,64,5,76.54,0,2,store,product,1,0.847,critical
C0390,25,32,113.15,4,3,call,billing,1,0.496,high
C0391,56,14,67.55,3,3,web,billing,1,0.995,critical
C0392,27,18,98.09,5,3,call,product,1,0.793,high
C0393,37,63,79.52,3,1,call,account,1,0.869,critical
C0394,49,51,113.52,2,2,call,product,1,0.773,critical
C0395,55,10,106.63,1,4,web,product,1,0.106,medium
C0396,63,61,65.78,2,5,web,product,1,0.065,medium
C0397,20,41,84.1,3,1,web,technical,1,0.915,critical
C0398,28,63,126.53,2,3,web,billing,1,0.138,medium
C0399,32,54,103.77,0,5,web,technical,1,0.391,medium
C0400,34,25,41.11,0,2,web,account,1,0.61,critical
C0401,69,38,112.95,3,3,web,account,0,0.212,high
C0402,58,38,52.04,3,5,web,account,1,0.225,high
C0403,34,52,139.44,3,5,app,billing,1,0.466,high
C0404,68,18,125.84,1,4,call,technical,1,0.361,medium
C0405,43,24,100.15,3,4,web,product,1,0.677,high
C0406,44,18,95.5,3,4,app,billing,1,0.075,high
C0407,40,22,82.68,6,2,web,billing,1,0.489,critical
C0408,25,12,113.75,1,5,store,product,1,0.174,medium
C0409,66,3,77.02,2,1,app,product,0,0.607,critical
C0410,18,67,98.24,3,1,store,product,1,0.116,critical
C0411,27,6,120.52,1,4,web,billing,1,0.198,medium
C0412,29,64,70.34,2,5,web,technical,0,0.804,critical
C0413,32,1,68.43,0,5,store,billing,0,0.235,medium
C0414,24,56,48.2,0,4,call,billing,0,0.737,medium
C0415,18,24,52.74,2,2,store,technical,1,0.273,critical
C0416,53,37,26.01,1,2,store,technical,0,0.235,critical
C0417,68,21,115.54,4,3,web,account,0,0.299,high
C0418,24,35,153.31,2,2,store,technical,1,0.881,critical
C0419,33,33,139.89,0,3,web,billing,1,0.397,medium
C0420,44,38,33.09,1,1,app,billing,0,0.244,critical
C0421,66,28,115.37,4,2,call,product,1,0.537,critical
C0422,54,39,139.77,2,5,store,billing,1,0.386,medium
C0423,57,59,74.01,3,4,call,billing,1,0.79,high
C0424,48,31,93.55,2,1,web,technical,1,0.99,critical
C0425,39,26,20.0,2,2,web,billing,1,0.527,critical
C0426,28,10,99.34,1,2,store,product,1,0.452,critical
C0427,62,26,52.78,1,2,store,technical,1,0.343,critical
C0428,59,9,96.99,3,4,call,billing,1,0.973,critical
C0429,19,13,35.36,2,5,app,product,1,0.483,medium
C0430,55,68,109.0,3,4,web,technical,1,0.178,high
C0431,22,7,125.86,2,3,web,product,0,0.969,critical
C0432,56,35,62.59,2,1,call,billing,1,0.961,critical
C0433,60,60,50.21,2,1,web,product,1,0.436,critical
C0434,24,68,20.0,2,5,web,billing,1,0.348,medium
C0435,40,11,80.68,3,4,app,technical,1,0.68,high
C0436,24,12,69.64,2,3,app,billing,0,0.829,critical
C0437,47,27,35.71,3,3,app,account,1,0.499,high
C0438,66,40,105.86,1,5,web,billing,0,0.331,medium
C0439,22,69,74.25,2,5,web,account,0,0.301,medium
C0440,38,15,52.35,2,1,store,account,1,0.327,critical
C0441,68,12,70.59,0,2,app,technical,1,0.118,critical
C0442,33,18,127.5,2,1,web,technical,1,0.779,critical
C0443,24,63,111.1,2,2,web,technical,1,0.105,critical
C0444,43,3,85.45,1,4,web,account,1,0.398,medium
C0445,44,27,111.67,1,2,call,product,1,0.835,critical
C0446,52,9,49.37,0,1,call,technical,1,0.404,critical
C0447,34,12,91.13,3,3,call,billing,1,0.295,high
C0448,67,66,95.16,3,3,web,account,1,0.948,critical
C0449,45,1,73.56,1,4,call,billing,1,0.127,medium
C0450,32,23,105.24,0,1,store,billing,1,0.885,critical
C0451,67,65,62.68,3,2,web,billing,1,0.062,critical
C0452,66,44,107.84,2,4,web,technical,0,0.414,medium
C0453,43,6,109.32,1,4,store,account,1,0.632,medium
C0454,19,34,20.0,5,5,web,product,1,0.37,high
C0455,49,69,131.66,1,5,app,billing,0,0.535,medium
C0456,46,29,20.0,0,5,store,technical,0,0.204,medium
C0457,25,38,68.44,3,3,web,product,1,0.569,high
C0458,50,38,125.89,2,5,call,technical,1,0.135,medium
C0459,61,47,78.89,1,3,call,billing,1,0.796,medium
C0460,23,14,38.68,3,5,web,technical,1,0.584,high
C0461,55,60,51.72,1,2,call,product,1,0.482,critical
C0462,25,71,125.94,3,3,web,account,1,0.055,high
C0463,56,11,22.75,5,4,web,product,1,0.5,high
C0464,39,59,129.51,3,2,call,billing,1,0.564,critical
C0465,18,59,88.07,2,1,store,product,1,0.266,critical
C0466,68,53,48.27,2,5,web,billing,1,0.678,medium
C0467,26,27,69.59,1,3,web,account,1,0.077,medium
C0468,48,34,54.4,4,5,store,technical,1,0.209,high
C0469,27,60,120.32,3,2,web,billing,1,0.738,critical
C0470,66,11,115.63,2,5,app,technical,1,0.147,medium
C0471,56,59,29.83,3,4,store,billing,1,0.246,high
C0472,59,66,75.87,1,4,app,billing,1,0.651,medium
C0473,40,49,59.79,1,4,web,product,1,0.729,medium
C0474,42,25,135.27,2,2,app,product,0,0.051,critical
C0475,50,40,42.75,1,5,web,account,1,0.127,medium
C0476,58,4,146.15,5,5,web,technical,1,0.446,high
C0477,62,67,88.83,2,4,web,billing,1,0.593,medium
C0478,18,25,49.33,3,5,web,technical,1,0.454,high
C0479,52,5,66.3,1,5,app,technical,1,0.647,medium
C0480,23,57,61.94,2,4,call,billing,1,0.756,medium
C0481,32,47,45.39,1,3,call,account,0,0.95,critical
C0482,61,45,93.32,0,5,store,account,1,0.35,medium
C0483,31,4,47.02,3,1,store,billing,1,0.163,critical
C0484,59,54,20.0,3,3,call,product,1,0.264,high
C0485,42,46,76.71,0,5,app,product,1,0.148,medium
C0486,30,57,26.9,1,5,store,billing,1,0.394,medium
C0487,35,59,63.67,3,2,call,product,1,0.873,critical
C0488,45,16,58.18,1,1,web,billing,1,0.347,critical
C0489,57,15,59.51,3,2,app,billing,1,0.149,critical
C0490,49,66,160.03,2,5,web,account,0,0.523,medium
C0491,66,38,91.97,1,3,web,product,1,0.992,critical
C0492,63,32,98.59,2,1,app,billing,0,0.188,critical
C0493,57,21,27.83,2,1,web,technical,1,0.778,critical
C0494,49,46,67.11,3,2,web,account,0,0.823,critical
C0495,33,54,97.54,1,2,web,technical,1,0.401,critical
C0496,39,1,54.14,7,1,store,account,1,0.62,critical
C0497,24,40,121.78,3,3,app,account,0,0.432,high
C0498,37,71,47.91,2,3,app,technical,1,0.262,medium
C0499,66,20,79.98,2,1,store,product,1,0.426,critical
C0500,40,20,69.49,2,2,app,product,0,0.095,critical
C0501,23,63,95.75,6,4,call,product,1,0.707,high
C0502,51,5,67.58,0,5,app,technical,1,0.829,critical
C0503,68,29,80.52,4,5,web,billing,1,0.307,high
C0504,63,33,81.74,1,3,store,billing,1,0.566,medium
C0505,32,57,64.3,1,1,web,product,0,0.232,critical
C0506,41,10,106.98,2,5,web,product,1,0.127,medium
C0507,45,31,98.34,3,5,call,product,1,0.664,high
C0508,30,11,86.9,3,2,web,product,1,0.134,critical
C0509,31,56,74.93,1,3,store,billing,0,0.782,medium
C0510,30,45,117.88,2,1,call,billing,1,0.272,critical
C0511,69,36,81.75,1,5,web,product,1,0.819,critical
C0512,56,28,79.27,2,4,store,technical,0,0.369,medium
C0513,61,11,93.66,1,1,call,product,1,0.369,critical
C0514,60,66,149.38,0,4,app,billing,0,0.751,medium
C0515,67,46,43.09,1,3,web,technical,1,0.51,medium
C0516,23,23,116.94,3,3,app,account,1,0.201,high
C0517,63,30,23.74,3,2,app,billing,1,0.85,critical
C0518,21,52,97.6,1,5,call,billing,0,0.34,medium
C0519,42,52,145.13,3,3,web,product,0,0.103,high
C0520,48,33,107.1,1,5,call,product,1,0.416,medium
C0521,36,22,95.97,3,1,app,account,1,0.574,critical
C0522,25,47,70.38,3,3,web,account,1,0.61,high
C0523,27,47,91.09,2,2,app,product,1,0.836,critical
C0524,60,43,81.18,1,5,app,billing,1,0.541,medium
C0525,34,6,62.49,2,3,store,technical,1,0.224,medium
C0526,34,34,79.85,1,4,call,account,1,0.262,medium
C0527,66,44,96.94,0,1,store,technical,1,0.101,critical
C0528,25,68,63.15,2,4,call,account,0,0.736,medium
C0529,65,38,61.78,4,1,app,product,1,0.106,critical
C0530,65,25,42.39,4,2,web,billing,1,0.606,critical
C0531,49,40,103.68,4,2,web,technical,1,0.597,critical
C0532,26,13,109.09,4,1,web,product,1,0.786,critical
C0533,26,7,98.11,2,3,app,billing,1,0.075,medium
C0534,32,49,123.78,1,2,web,technical,1,0.203,critical
C0535,48,71,93.08,1,3,app,product,1,0.91,critical
C0536,25,61,103.72,2,4,store,billing,1,0.572,medium
C0537,41,42,100.63,3,1,web,technical,0,0.458,critical
C0538,24,3,86.8,2,4,app,product,1,0.748,medium
C0539,46,71,71.42,1,2,store,product,1,0.903,critical
C0540,19,32,167.5,2,2,web,technical,1,0.263,critical
C0541,54,21,74.18,0,3,web,account,1,0.901,critical
C0542,20,64,66.69,2,4,web,account,1,0.109,medium
C0543,28,53,105.19,2,4,web,technical,0,0.978,critical
C0544,27,54,98.81,2,1,web,billing,0,0.165,critical
C0545,61,20,40.83,3,3,call,product,1,0.266,high
C0546,20,71,129.29,1,2,web,billing,1,0.097,critical
C0547,40,33,86.7,1,2,web,account,1,0.804,critical
C0548,48,38,51.12,2,5,web,product,1,0.984,critical
C0549,44,54,131.61,0,1,store,technical,1,0.297,critical
C0550,53,47,111.9,3,3,app,product,1,0.326,high
C0551,59,13,45.74,1,3,web,technical,1,0.279,medium
C0552,38,22,152.2,3,2,web,account,1,0.155,critical
C0553,61,26,113.06,2,4,store,billing,1,0.787,medium
C0554,34,68,89.64,4,3,app,account,1,0.061,high
C0555,69,51,145.66,2,4,call,billing,1,0.968,critical
C0556,44,27,95.58,2,2,app,product,0,0.927,critical
C0557,56,53,89.02,2,5,app,account,1,0.118,medium
C0558,63,53,66.89,1,4,call,technical,1,0.53,medium
C0559,59,28,110.36,0,2,app,billing,0,0.993,critical
C0560,62,29,106.68,1,5,web,account,1,0.853,critical
C0561,45,64,90.51,2,5,app,account,1,0.715,medium
C0562,20,40,62.35,6,3,app,technical,1,0.022,high
C0563,43,11,94.55,1,1,app,technical,1,0.068,critical
C0564,27,52,87.56,1,3,store,account,1,0.794,medium
C0565,64,42,43.33,2,4,call,billing,1,0.376,medium
C0566,30,37,38.49,1,2,web,product,1,0.668,critical
C0567,29,52,109.78,4,1,call,technical,1,0.739,critical
C0568,30,65,20.0,0,3,web,billing,1,0.422,medium
C0569,51,24,97.19,4,5,store,account,0,0.143,high
C0570,47,30,73.27,3,2,call,technical,1,0.387,critical
C0571,67,14,135.79,3,3,web,account,1,0.871,critical
C0572,39,46,72.73,2,1,web,product,1,0.331,critical
C0573,32,29,113.08,2,4,web,technical,1,0.063,medium
C0574,20,25,76.11,3,5,call,technical,1,0.959,critical
C0575,18,50,93.98,1,4,call,technical,1,0.681,medium
C0576,37,29,115.79,4,3,call,account,1,0.541,high
C0577,66,33,73.81,3,1,web,product,0,0.829,critical
C0578,45,32,124.88,0,3,app,product,1,0.411,medium
C0579,64,19,55.22,1,5,call,technical,0,0.985,critical
C0580,23,9,100.31,2,1,web,billing,1,0.858,critical
C0581,22,59,122.29,2,2,web,billing,1,0.281,critical
C0582,61,7,113.1,1,5,store,product,0,0.371,medium
C0583,23,24,157.08,1,3,web,technical,0,0.276,medium
C0584,20,48,63.28,3,1,web,technical,1,0.659,critical
C0585,39,10,41.73,0,1,web,technical,1,0.639,critical
C0586,66,47,55.2,3,3,web,technical,0,0.523,high
C0587,53,53,113.12,3,3,web,product,1,0.966,critical
C0588,23,48,107.43,2,5,web,product,1,0.472,medium
C0589,61,22,93.58,1,5,app,account,1,0.784,medium
C0590,61,2,50.7,3,3,store,billing,1,0.658,high
C0591,59,64,116.84,4,3,store,product,1,0.518,high
C0592,64,24,47.14,2,5,call,billing,1,0.042,medium
C0593,30,58,130.56,1,4,store,account,1,0.657,medium
C0594,68,15,190.01,4,2,web,product,1,0.643,critical
C0595,34,12,102.83,3,4,web,technical,1,0.125,high
C0596,59,56,110.41,2,4,web,account,1,0.796,medium
C0597,48,67,72.75,2,2,store,technical,1,0.467,critical
C0598,58,62,26.64,4,5,store,billing,1,0.324,high
C0599,50,54,68.9,3,2,web,technical,1,0.824,critical
C0600,51,18,51.75,1,3,store,billing,0,0.343,medium
C0601,50,65,39.35,2,3,app,account,1,0.622,medium
C0602,58,48,150.28,3,4,web,product,1,0.618,high
C0603,56,13,99.55,5,5,store,product,1,0.053,high
C0604,24,10,103.29,1,2,store,account,1,0.423,critical
C0605,60,62,79.18,3,2,call,product,1,0.223,critical
C0606,45,20,83.95,2,4,call,technical,1,0.2,medium
C0607,34,55,123.76,3,5,call,billing,1,0.655,high
C0608,44,10,88.87,1,5,web,technical,1,0.011,medium
C0609,68,20,108.57,3,4,store,account,1,0.969,critical
C0610,62,21,83.14,1,4,app,account,1,0.395,medium
C0611,61,20,78.02,6,4,web,product,1,0.299,high
C0612,42,48,40.76,3,5,app,billing,1,0.92,critical
C0613,58,65,20.78,2,1,web,billing,1,0.487,critical
C0614,38,65,80.85,2,3,store,account,1,0.614,medium
C0615,53,53,91.98,2,1,store,billing,1,0.696,critical
C0616,51,15,44.99,2,3,store,product,1,0.871,critical
C0617,30,69,88.79,0,2,app,technical,1,0.13,critical
C0618,31,39,91.88,2,2,web,technical,1,0.082,critical
C0619,21,39,20.0,2,5,store,product,1,0.994,critical
C0620,25,50,57.97,3,4,call,account,1,0.009,high
C0621,40,55,104.25,1,3,app,product,1,0.708,medium
C0622,42,68,103.55,4,5,call,technical,1,0.611,high
C0623,26,42,49.62,1,1,app,technical,1,0.553,critical
C0624,39,44,95.55,2,4,app,account,1,0.786,medium
C0625,49,53,125.78,1,1,web,product,0,0.992,critical
C0626,30,19,117.2,0,2,app,technical,0,0.047,critical
C0627,35,22,86.66,4,1,app,product,0,0.615,critical
C0628,37,45,73.62,1,3,web,billing,1,0.717,medium
C0629,44,5,67.97,2,4,call,billing,1,0.306,medium
C0630,37,23,106.37,2,4,web,account,1,0.893,critical
C0631,56,51,96.83,0,3,call,product,0,0.457,medium
C0632,35,70,112.03,4,5,web,billing,1,0.164,high
C0633,40,37,94.62,2,2,call,billing,1,0.854,critical
C0634,37,29,118.66,2,1,store,account,1,0.943,critical
C0635,27,32,93.31,3,1,store,product,0,0.1,critical
C0636,53,49,117.46,6,1,web,product,0,0.752,critical
C0637,30,39,120.48,2,3,call,billing,1,0.215,medium
C0638,33,2,61.84,0,3,store,account,1,0.007,medium
C0639,59,39,26.71,1,5,call,account,1,0.261,medium
C0640,67,29,144.02,2,1,web,technical,0,0.855,critical
C0641,52,50,98.98,4,2,web,technical,1,0.141,critical
C0642,65,63,29.99,1,5,store,product,1,0.131,medium
C0643,62,69,65.02,1,1,app,account,1,0.739,critical
C0644,43,44,117.02,3,3,web,product,0,0.406,high
C0645,58,26,80.21,2,1,call,account,1,0.148,critical
C0646,35,32,72.08,1,3,web,product,1,0.23,medium
C0647,41,13,139.03,3,5,call,technical,1,0.795,high
C0648,45,67,53.34,1,2,web,technical,1,0.623,critical
C0649,67,61,62.06,1,2,store,account,1,0.761,critical
C0650,62,61,97.4,1,3,web,billing,1,0.098,medium
C0651,43,24,103.67,3,4,web,billing,1,0.458,high
C0652,51,23,107.37,2,5,web,product,1,0.797,medium
C0653,28,61,121.89,2,1,web,technical,0,0.266,critical
C0654,59,39,96.95,2,3,store,account,0,0.169,medium
C0655,46,51,107.13,1,4,app,billing,1,0.382,medium
C0656,45,35,80.93,2,1,store,technical,1,0.333,critical
C0657,57,32,92.19,1,5,app,billing,1,0.185,medium
C0658,50,45,93.76,5,2,store,product,0,0.954,critical
C0659,21,58,97.53,2,3,web,product,1,0.483,medium
C0660,32,24,117.04,4,5,web,technical,1,0.608,high
C0661,27,58,109.43,4,4,store,technical,0,0.121,high
C0662,56,18,91.55,3,5,web,billing,1,0.61,high
C0663,19,29,61.68,3,4,app,product,1,0.555,high
C0664,28,65,92.37,3,2,call,account,1,0.932,critical
C0665,49,68,89.02,3,4,store,product,1,0.412,high
C0666,54,66,96.76,2,4,store,billing,1,0.782,medium
C0667,44,23,167.23,3,2,web,product,1,0.304,critical
C0668,62,60,71.67,1,1,call,billing,1,0.579,critical
C0669,65,67,104.78,3,4,web,billing,0,0.927,critical
C0670,24,70,127.4,1,3,web,billing,1,0.625,medium
C0671,67,2,93.43,2,4,web,billing,1,0.711,medium
C0672,49,53,171.82,0,1,web,billing,1,0.876,critical
C0673,51,71,76.77,3,3,call,product,0,0.925,critical
C0674,22,55,101.34,2,5,web,billing,1,0.208,medium
C0675,50,17,62.04,4,5,web,product,1,0.196,high
C0676,55,55,77.7,1,5,app,account,0,0.55,medium
C0677,48,8,98.71,1,2,app,product,1,0.996,critical
C0678,22,35,119.62,0,1,store,technical,1,0.49,critical
C0679,45,45,101.17,0,3,store,product,0,0.331,medium
C0680,66,33,134.07,2,3,call,billing,1,0.537,medium
C0681,55,50,86.68,3,2,web,technical,1,0.064,critical
C0682,25,18,78.37,3,1,store,technical,1,0.177,critical
C0683,67,44,184.64,1,1,web,account,0,0.149,critical
C0684,67,46,103.8,4,2,store,account,0,0.028,critical
C0685,26,45,64.82,1,4,app,account,1,0.722,medium
C0686,59,21,65.7,1,1,call,product,1,0.325,critical
C0687,39,22,57.01,3,1,app,technical,1,0.169,critical
C0688,48,19,122.78,0,2,call,account,1,0.512,critical
C0689,41,33,77.25,1,5,call,account,1,0.323,medium
C0690,58,42,94.46,1,5,call,technical,1,0.393,medium
C0691,69,26,87.78,5,3,call,account,1,0.316,high
C0692,59,30,115.6,4,1,store,account,1,0.004,critical
C0693,66,21,60.36,2,1,web,technical,1,0.688,critical
C0694,67,16,52.35,1,5,store,billing,1,0.111,medium
C0695,22,47,97.85,1,3,web,billing,1,0.219,medium
C0696,31,58,111.03,0,1,store,product,1,0.19,critical
C0697,55,21,101.64,0,5,web,billing,1,0.331,medium
C0698,48,62,61.67,1,3,store,technical,1,0.16,medium
C0699,20,41,113.71,0,2,web,product,1,0.347,critical
C0700,22,12,63.96,1,3,web,account,1,0.243,medium
C0701,45,26,71.75,4,2,store,account,1,0.061,critical
C0702,50,1,56.96,0,5,web,product,0,0.871,critical
C0703,26,3,135.54,1,4,app,technical,1,0.306,medium
C0704,26,24,112.17,0,1,store,billing,1,0.095,critical
C0705,24,33,111.17,1,4,web,product,0,0.522,medium
C0706,47,57,133.65,0,1,web,billing,1,0.123,critical
C0707,18,10,188.44,2,3,app,product,1,0.773,medium
C0708,47,60,30.18,0,4,call,account,1,0.062,medium
C0709,42,17,64.16,1,1,store,product,1,0.465,critical
C0710,42,10,68.43,4,4,web,product,1,0.944,critical
C0711,53,50,60.22,2,2,call,product,1,0.159,critical
C0712,45,55,52.28,2,4,app,account,1,0.201,medium
C0713,55,43,79.51,1,3,web,technical,1,0.6,medium
C0714,57,9,47.42,2,1,web,technical,1,0.98,critical
C0715,65,9,101.73,1,4,web,billing,0,0.386,medium
C0716,59,28,91.81,0,2,web,product,1,0.649,critical
C0717,44,32,106.84,2,5,call,billing,1,0.152,medium
C0718,43,71,107.77,4,5,app,technical,1,0.641,high
C0719,30,21,111.11,2,1,app,product,1,0.253,critical
C0720,49,14,76.93,2,4,call,billing,0,0.613,medium
C0721,25,68,164.24,2,2,web,product,1,0.089,critical
C0722,66,11,98.21,5,4,app,billing,1,0.525,high
C0723,61,2,24.81,5,3,web,billing,1,0.237,high
C0724,24,31,54.92,3,2,web,billing,1,0.682,critical
C0725,58,29,29.08,2,4,call,billing,1,0.748,medium
C0726,24,44,90.61,1,2,web,account,1,0.848,critical
C0727,55,63,85.74,2,5,app,account,1,0.992,critical
C0728,22,67,73.61,3,5,app,product,1,0.459,high
C0729,43,21,160.38,3,1,call,product,1,0.671,critical
C0730,52,70,109.21,1,4,call,product,0,0.018,medium
C0731,55,45,115.41,3,5,web,account,1,0.905,critical
C0732,39,5,57.41,0,1,web,technical,1,0.616,critical
C0733,65,67,55.03,3,4,call,billing,0,0.421,high
C0734,58,10,91.29,2,5,store,product,1,0.434,medium
C0735,28,42,96.06,2,2,app,account,1,0.758,critical
C0736,52,57,25.03,1,3,web,billing,0,0.833,critical
C0737,55,18,83.69,3,4,web,technical,0,0.808,critical
C0738,35,20,90.49,2,2,web,technical,1,0.511,critical
C0739,56,34,82.47,1,2,call,technical,1,0.371,critical
C0740,64,63,61.53,3,2,call,product,0,0.946,critical
C0741,60,16,71.12,3,2,app,technical,1,0.634,critical
C0742,57,48,83.81,4,4,web,account,1,0.544,high
C0743,50,33,93.18,1,2,store,product,1,0.598,critical
C0744,32,8,111.17,0,2,web,billing,1,0.63,critical
C0745,59,51,127.83,3,5,web,account,0,0.713,high
C0746,36,60,79.7,3,3,web,product,0,0.553,high
C0747,45,41,74.03,7,5,store,technical,1,0.875,critical
C0748,34,13,105.32,3,4,store,technical,1,0.86,critical
C0749,34,12,111.38,3,5,web,account,1,0.442,high
C0750,26,31,74.8,3,1,call,technical,1,0.169,critical
C0751,67,36,117.66,2,5,app,billing,1,0.577,medium
C0752,25,40,124.29,3,5,web,technical,1,0.621,high
C0753,22,18,135.21,3,1,web,billing,1,0.523,critical
C0754,66,36,152.24,2,2,call,product,1,0.891,critical
C0755,46,21,59.68,2,3,call,billing,1,0.093,medium
C0756,40,49,90.49,1,3,app,product,1,0.287,medium
C0757,56,57,90.39,4,4,web,technical,0,0.866,critical
C0758,37,47,86.57,2,4,store,account,1,0.939,critical
C0759,24,1,67.28,2,2,app,technical,1,0.426,critical
C0760,55,71,38.01,2,4,web,account,1,0.193,medium
C0761,27,2,93.24,1,5,store,account,1,0.42,medium
C0762,46,71,63.11,2,3,app,billing,1,0.456,medium
C0763,67,3,93.01,2,5,web,product,1,0.52,medium
C0764,66,37,62.21,2,4,call,billing,1,0.274,medium
C0765,36,8,51.51,2,5,app,account,1,0.313,medium
C0766,58,7,98.2,2,5,web,product,1,0.656,medium
C0767,49,49,95.28,3,1,call,billing,1,0.622,critical
C0768,42,52,110.27,6,5,store,billing,1,0.662,high
C0769,25,9,166.51,3,1,app,technical,1,0.377,critical
C0770,37,70,99.71,0,5,app,account,1,0.336,medium
C0771,51,23,106.98,3,5,app,product,1,0.352,high
C0772,69,23,52.29,1,2,web,billing,0,0.951,critical
C0773,18,22,44.96,5,1,call,technical,1,0.395,critical
C0774,55,33,145.4,2,3,app,technical,1,0.606,medium
C0775,62,13,57.68,2,2,call,product,1,0.523,critical
C0776,67,31,53.46,2,3,call,billing,1,0.876,critical
C0777,40,15,88.63,2,1,web,technical,1,0.369,critical
C0778,24,4,86.84,1,1,app,account,0,0.434,critical
C0779,32,27,58.41,0,3,web,technical,1,0.843,critical
C0780,62,48,79.33,1,4,web,product,1,0.161,medium
C0781,63,55,133.03,2,2,app,technical,1,0.594,critical
C0782,51,26,61.79,1,2,app,technical,1,0.4,critical
C0783,24,23,41.22,1,1,app,product,0,0.986,critical
C0784,24,56,122.99,3,2,store,billing,0,0.721,critical
C0785,42,49,107.23,1,2,web,billing,1,0.011,critical
C0786,48,60,68.28,2,2,store,account,1,0.839,critical
C0787,19,65,34.62,0,2,web,account,1,0.703,critical
C0788,53,59,63.94,3,2,app,product,1,0.561,critical
C0789,46,67,88.09,2,4,store,billing,1,0.236,medium
C0790,18,30,130.8,3,2,store,billing,0,0.149,critical
C0791,22,29,53.72,2,4,web,billing,1,0.628,medium
C0792,41,23,87.04,2,4,store,account,1,0.44,medium
C0793,55,17,113.63,1,4,app,account,1,0.862,critical
C0794,60,54,20.0,1,3,call,technical,1,0.262,medium
C0795,40,51,126.18,3,5,web,account,1,0.638,high
C0796,33,57,48.61,3,2,web,billing,1,0.249,critical
C0797,68,12,101.62,2,5,web,product,1,0.636,medium
C0798,41,35,98.63,0,2,web,billing,0,0.048,critical
C0799,34,16,127.96,2,1,app,technical,1,0.392,critical
C0800,41,64,109.28,1,5,call,account,1,0.173,medium
C0801,18,19,20.0,1,5,web,account,1,0.606,medium
C0802,33,11,62.53,2,1,call,billing,1,0.317,critical
C0803,44,41,94.84,2,3,web,billing,1,0.772,medium
C0804,65,63,83.18,5,3,web,product,0,0.115,high
C0805,56,66,106.72,4,2,store,billing,1,0.556,critical
C0806,58,7,117.63,0,3,web,product,1,0.594,medium
C0807,46,24,111.3,4,4,store,product,1,0.022,high
C0808,23,11,82.5,4,3,app,billing,1,0.036,high
C0809,38,22,25.38,1,3,app,billing,0,0.308,medium
C0810,69,38,74.06,1,5,web,billing,1,0.609,medium
C0811,20,20,104.57,3,2,call,account,1,0.963,critical
C0812,63,5,51.83,1,4,web,technical,0,0.091,medium
C0813,53,37,112.09,2,2,store,product,1,0.703,critical
C0814,32,4,121.79,2,5,web,technical,1,0.693,medium
C0815,58,17,94.44,1,2,store,product,1,0.669,critical
C0816,61,1,20.0,2,5,web,billing,1,0.516,medium
C0817,20,7,45.27,0,4,app,billing,1,0.967,critical
C0818,23,31,156.02,3,2,app,product,0,0.502,critical
C0819,52,61,70.87,6,4,web,product,1,0.838,critical
C0820,69,55,20.55,4,2,call,billing,1,0.263,critical
C0821,19,8,133.23,3,2,web,technical,0,0.806,critical
C0822,52,3,90.47,1,2,call,account,1,0.997,critical
C0823,25,25,128.67,4,4,web,billing,1,0.91,critical
C0824,51,47,99.69,2,2,web,billing,1,0.304,critical
C0825,50,54,106.05,4,3,call,technical,1,0.846,critical
C0826,22,59,102.71,3,3,store,billing,1,0.095,high
C0827,53,25,114.41,3,1,store,product,1,0.678,critical
C0828,64,12,169.71,1,2,store,product,1,0.342,critical
C0829,62,2,123.99,2,2,web,technical,1,0.659,critical
C0830,19,11,34.69,2,2,web,product,1,0.412,critical
C0831,30,5,105.63,1,5,call,technical,1,0.009,medium
C0832,30,62,129.95,3,2,call,product,1,0.231,critical
C0833,41,20,132.09,2,3,web,billing,1,0.042,medium
C0834,25,59,75.07,1,4,web,technical,1,0.427,medium
C0835,62,40,130.77,1,4,call,product,1,0.84,critical
C0836,58,39,122.47,2,4,call,technical,1,0.738,medium
C0837,60,33,180.04,4,3,app,billing,1,0.789,high
C0838,28,59,63.75,2,5,store,technical,1,0.807,critical
C0839,18,4,72.24,0,5,store,product,1,0.372,medium
C0840,65,7,79.29,1,2,store,billing,1,0.506,critical
C0841,33,31,72.84,3,1,web,product,1,0.508,critical
C0842,52,29,58.85,1,2,web,product,1,0.113,critical
C0843,65,39,20.0,2,5,web,product,0,0.598,medium
C0844,19,53,74.79,2,5,app,billing,1,0.72,medium
C0845,18,42,102.93,1,4,web,account,0,0.611,medium
C0846,18,19,72.74,2,4,call,billing,0,0.746,medium
C0847,26,24,157.74,5,2,store,account,1,0.119,critical
C0848,20,54,90.47,3,3,web,product,1,0.761,high
C0849,60,15,135.19,4,1,app,billing,1,0.208,critical
C0850,49,36,99.15,1,3,call,product,0,0.877,critical
C0851,68,39,118.92,1,1,web,technical,1,0.245,critical
C0852,59,54,99.77,0,1,call,technical,0,0.492,critical
C0853,68,51,137.91,3,5,store,technical,1,0.487,high
C0854,30,33,91.96,0,5,web,product,1,0.269,medium
C0855,32,22,107.36,3,4,call,product,1,0.362,high
C0856,62,27,102.82,2,4,call,account,1,0.186,medium
C0857,30,30,79.91,0,2,web,billing,1,0.57,critical
C0858,20,16,104.17,1,3,app,product,0,0.913,critical
C0859,52,45,168.2,0,4,call,product,1,0.317,medium
C0860,59,15,80.54,5,3,call,product,0,0.508,high
C0861,68,47,104.68,5,2,web,technical,0,0.862,critical
C0862,66,54,134.02,3,2,web,technical,1,0.452,critical
C0863,24,69,129.91,0,5,store,product,1,0.831,critical
C0864,58,9,90.41,1,2,call,technical,1,0.446,critical
C0865,61,54,20.0,0,5,store,billing,1,0.44,medium
C0866,54,7,108.08,6,4,call,technical,0,0.157,high
C0867,60,24,20.0,4,5,web,billing,0,0.125,high
C0868,61,13,141.45,5,3,call,billing,0,0.611,high
C0869,41,12,95.93,4,2,app,billing,1,0.827,critical
C0870,20,13,124.99,4,1,call,product,1,0.135,critical
C0871,41,4,58.43,3,3,call,account,1,0.91,critical
C0872,28,59,35.66,1,2,app,technical,0,0.359,critical
C0873,23,5,99.13,2,1,web,billing,1,0.425,critical
C0874,24,29,88.82,0,5,call,account,1,0.894,critical
C0875,54,50,72.8,5,5,app,billing,1,0.896,critical
C0876,44,71,92.96,5,2,store,account,1,0.525,critical
C0877,46,61,186.86,2,4,web,product,1,0.277,medium
C0878,56,10,119.21,3,3,app,billing,1,0.172,high
C0879,46,71,126.73,4,3,web,technical,0,0.272,high
C0880,50,47,119.54,7,4,web,technical,1,0.781,high
C0881,22,13,141.78,1,3,web,product,1,0.325,medium
C0882,62,32,83.35,4,5,store,billing,1,0.695,high
C0883,41,66,20.0,3,1,store,account,1,0.195,critical
C0884,26,28,83.4,4,4,store,product,1,0.479,high
C0885,60,14,118.41,2,5,app,account,1,0.352,medium
C0886,56,63,56.06,4,5,store,account,1,0.504,high
C0887,20,68,83.83,1,1,store,billing,1,0.57,critical
C0888,28,70,65.79,4,1,app,technical,1,0.991,critical
C0889,18,68,142.57,1,4,app,account,1,0.9,critical
C0890,32,62,116.23,2,5,web,technical,1,0.696,medium
C0891,23,33,112.8,3,5,web,billing,1,0.154,high
C0892,54,14,111.76,2,5,call,billing,1,0.919,critical
C0893,45,44,88.7,3,1,app,billing,1,0.893,critical
C0894,68,16,96.91,2,3,store,account,1,0.887,critical
C0895,56,34,48.52,4,4,web,technical,1,0.479,high
C0896,49,47,20.0,0,4,call,product,1,0.171,medium
C0897,44,68,95.25,3,4,call,account,1,0.754,high
C0898,20,21,101.34,1,2,store,billing,1,0.389,critical
C0899,21,18,132.32,4,3,app,product,1,0.345,high
C0900,50,53,145.0,1,3,call,billing,1,0.391,medium
C0901,18,1,144.95,3,5,call,billing,1,0.559,high
C0902,20,41,55.07,2,2,call,billing,1,0.334,critical
C0903,29,53,77.67,2,2,call,technical,1,0.69,critical
C0904,63,40,106.81,1,1,store,technical,1,0.648,critical
C0905,41,28,178.62,1,1,store,technical,1,0.509,critical
C0906,54,59,141.8,1,5,call,billing,0,0.054,medium
C0907,39,27,129.18,2,5,call,billing,1,0.937,critical
C0908,27,51,76.43,3,2,store,product,1,0.412,critical
C0909,37,33,59.09,0,4,web,billing,1,0.449,medium
C0910,22,2,117.61,1,3,call,account,1,0.456,medium
C0911,58,38,51.48,1,5,call,account,1,0.365,medium
C0912,27,4,81.65,4,2,web,product,1,0.675,critical
C0913,37,67,85.98,1,5,web,product,1,0.014,medium
C0914,68,43,145.75,2,2,web,product,0,0.874,critical
C0915,48,27,77.59,1,4,app,product,0,0.102,medium
C0916,41,35,20.0,1,2,app,account,1,1.0,critical
C0917,46,44,107.66,4,4,store,account,0,0.628,high
C0918,58,19,65.53,2,2,store,technical,0,0.066,critical
C0919,31,21,91.49,2,5,call,product,1,0.562,medium
C0920,51,30,86.97,4,4,store,account,1,0.331,high
C0921,63,19,80.42,1,2,app,billing,1,0.953,critical
C0922,47,54,117.66,3,5,web,technical,1,0.755,high
C0923,41,8,36.35,3,4,web,product,1,0.507,high
C0924,25,59,71.9,2,3,store,product,1,0.43,medium
C0925,30,25,113.94,1,1,web,technical,1,0.996,critical
C0926,67,40,68.51,2,5,call,billing,1,0.667,medium
C0927,46,12,33.69,4,4,call,billing,1,0.514,high
C0928,33,28,113.4,1,4,web,product,1,0.398,medium
C0929,39,54,129.31,1,5,store,account,0,0.325,medium
C0930,48,20,88.43,3,4,call,account,0,0.705,high
C0931,45,10,21.37,2,2,app,technical,1,0.588,critical
C0932,54,38,114.71,3,2,store,billing,1,0.848,critical
C0933,31,12,31.9,2,1,web,product,0,0.554,critical
C0934,51,23,100.81,1,1,store,product,1,0.582,critical
C0935,41,32,58.94,2,4,store,technical,0,0.477,medium
C0936,66,41,49.41,3,5,call,technical,1,0.763,high
C0937,26,46,74.53,1,1,store,billing,1,0.415,critical
C0938,25,49,83.58,4,3,web,product,1,0.852,critical
C0939,42,60,67.45,1,1,call,product,1,0.327,critical
C0940,44,5,110.6,4,3,store,technical,1,0.693,high
C0941,53,26,74.39,2,4,web,account,1,0.893,critical
C0942,39,1,124.31,3,5,store,product,0,0.769,high
C0943,65,1,99.84,5,5,app,account,1,0.343,high
C0944,42,16,65.59,4,2,call,technical,1,0.706,critical
C0945,24,43,59.69,1,5,web,technical,1,0.207,medium
C0946,24,64,32.34,0,4,call,account,1,0.058,medium
C0947,68,55,100.18,6,2,web,account,1,0.791,critical
C0948,24,46,77.59,0,2,store,account,1,0.808,critical
C0949,67,56,20.0,1,1,store,account,1,0.023,critical
C0950,32,13,71.25,0,5,web,technical,0,0.948,critical
C0951,22,60,58.46,2,2,web,billing,1,0.446,critical
C0952,33,64,145.15,3,2,app,technical,1,0.905,critical
C0953,49,7,30.4,3,3,web,account,0,0.788,high
C0954,40,34,39.55,1,1,app,technical,1,0.901,critical
C0955,58,59,128.85,1,5,call,product,1,0.833,critical
C0956,49,34,137.49,1,4,store,account,1,0.974,critical
C0957,38,60,63.93,0,1,web,account,0,0.629,critical
C0958,51,67,67.88,4,1,web,account,1,0.227,critical
C0959,68,34,111.57,2,1,web,product,1,0.39,critical
C0960,39,5,20.0,4,5,store,technical,1,0.752,high
C0961,25,25,24.86,0,3,app,account,1,0.157,medium
C0962,39,16,80.17,2,4,app,billing,0,0.93,critical
C0963,61,34,144.25,2,1,web,billing,1,0.205,critical
C0964,29,42,74.75,0,2,web,account,1,0.876,critical
C0965,67,33,93.53,0,3,web,product,1,0.484,medium
C0966,48,14,129.68,1,2,app,technical,0,0.841,critical
C0967,49,22,163.74,4,4,web,billing,1,0.958,critical
C0968,34,49,69.81,3,5,web,technical,1,0.422,high
C0969,65,2,89.41,1,2,call,account,1,0.697,critical
C0970,19,16,153.77,2,4,store,product,1,0.227,medium
C0971,33,64,36.72,0,5,web,technical,1,0.801,critical
C0972,39,8,125.97,2,5,call,product,1,0.82,critical
C0973,42,30,54.36,2,1,web,account,1,0.295,critical
C0974,42,15,93.59,2,1,web,account,1,0.024,critical
C0975,25,8,81.51,1,5,web,technical,1,0.431,medium
C0976,29,31,56.47,0,5,web,product,1,0.17,medium
C0977,22,38,55.59,2,2,app,billing,1,0.819,critical
C0978,47,13,99.67,2,3,store,technical,1,0.261,medium
C0979,36,6,124.84,1,3,call,billing,1,0.944,critical
C0980,47,10,85.46,3,4,web,technical,0,0.972,critical
C0981,48,47,92.45,2,4,call,product,1,0.909,critical
C0982,54,62,109.99,1,2,app,technical,0,0.6,critical
C0983,46,13,55.99,5,5,web,billing,1,0.267,high
C0984,51,23,115.89,2,1,app,billing,1,0.807,critical
C0985,48,25,118.68,1,1,call,billing,0,0.702,critical
C0986,51,26,181.13,4,5,call,product,1,0.977,critical
C0987,50,18,76.84,1,1,web,billing,1,0.377,critical
C0988,34,4,73.97,0,5,call,billing,1,0.059,medium
C0989,30,38,116.91,2,2,store,account,1,0.998,critical
C0990,58,26,118.67,0,2,app,billing,0,0.838,critical
C0991,35,25,71.27,1,1,app,account,1,0.221,critical
C0992,46,19,75.89,0,5,web,product,1,0.726,medium
C0993,28,66,108.94,1,2,app,product,1,0.001,critical
C0994,40,44,61.03,3,1,app,product,1,0.558,critical
C0995,45,30,75.63,1,3,store,billing,0,0.363,medium
C0996,50,15,93.14,2,1,web,account,1,0.381,critical
C0997,45,57,124.86,1,4,web,account,0,0.245,medium
C0998,36,64,68.84,1,1,web,technical,1,0.275,critical
C0999,68,3,25.52,4,3,web,product,1,0.455,high
C1000,44,67,22.92,5,2,app,technical,1,0.248,critical
C1001,60,50,45.92,1,1,web,account,1,0.466,critical
C1002,56,8,44.04,1,1,call,account,1,0.577,critical
C1003,47,54,84.59,0,3,call,billing,1,0.711,medium
C1004,64,8,48.39,4,2,call,account,1,0.677,critical
C1005,24,4,65.4,4,1,web,account,0,0.242,critical
C1006,65,9,62.91,4,1,store,product,1,0.039,critical
C1007,62,33,74.58,3,5,call,billing,1,0.833,critical
C1008,44,44,136.29,2,4,store,account,1,0.872,critical
C1009,56,29,113.17,3,4,web,product,1,0.979,critical
C1010,45,9,90.56,3,5,call,technical,0,0.96,critical
C1011,31,15,73.86,2,1,web,account,1,0.634,critical
C1012,59,61,74.84,1,4,store,product,1,0.894,critical
C1013,30,69,101.47,0,4,store,account,1,0.448,medium
C1014,34,54,110.45,2,2,web,product,1,0.787,critical
C1015,45,8,58.23,4,3,app,billing,1,0.955,critical
C1016,61,59,91.28,1,4,web,account,1,0.796,medium
C1017,37,50,20.0,2,4,app,product,1,0.416,medium
C1018,43,38,97.41,0,2,app,technical,1,0.378,critical
C1019,20,11,116.68,1,4,web,technical,1,0.292,medium
C1020,24,71,80.2,3,4,web,billing,1,0.367,high
C1021,20,32,153.58,1,1,web,product,1,0.821,critical
C1022,21,4,59.16,2,3,app,technical,1,0.702,medium
C1023,63,15,97.61,1,3,call,account,1,0.25,medium
C1024,61,29,88.75,1,2,web,account,0,0.712,critical
C1025,60,5,86.49,1,1,store,product,1,0.379,critical
C1026,20,23,86.0,2,1,web,billing,1,0.558,critical
C1027,22,34,93.75,4,4,store,product,1,0.37,high
C1028,32,68,119.68,1,5,store,billing,1,0.522,medium
C1029,47,7,138.22,4,3,web,account,1,0.73,high
C1030,35,41,89.92,1,5,app,technical,1,0.731,medium
C1031,43,66,118.54,2,5,web,account,1,0.753,medium
C1032,26,58,65.44,5,4,store,technical,1,0.391,high
C1033,56,66,116.81,4,3,call,billing,1,0.69,high
C1034,34,13,63.33,0,5,app,account,1,0.239,medium
C1035,21,57,128.17,2,4,store,technical,1,0.477,medium
C1036,56,70,167.37,1,5,app,account,1,0.583,medium
C1037,64,24,85.73,3,5,web,account,0,0.686,high
C1038,18,36,20.0,1,1,app,technical,1,0.912,critical
C1039,40,38,70.82,0,4,web,technical,1,0.305,medium
C1040,61,36,133.12,1,4,call,product,0,0.845,critical
C1041,54,21,109.36,1,5,web,account,1,0.311,medium
C1042,62,69,98.71,0,2,app,account,1,0.552,critical
C1043,39,68,125.3,2,5,app,technical,1,0.828,critical
C1044,37,28,106.96,1,3,store,product,1,0.723,medium
C1045,54,58,132.62,2,2,store,billing,1,0.863,critical
C1046,25,29,122.18,0,1,store,product,1,0.815,critical
C1047,30,57,143.26,4,2,web,account,1,0.276,critical
C1048,49,42,102.56,5,5,call,account,0,0.993,critical
C1049,52,34,121.68,5,4,call,technical,1,0.937,critical
C1050,24,10,79.25,2,4,store,technical,1,0.43,medium
C1051,44,47,68.95,1,5,web,billing,1,0.047,medium
C1052,36,23,149.74,4,2,app,billing,1,0.303,critical
C1053,44,16,97.57,3,4,web,technical,1,0.836,critical
C1054,67,14,118.17,3,2,call,account,1,0.951,critical
C1055,21,70,94.33,2,5,web,technical,1,0.832,critical
C1056,69,8,69.47,1,3,web,technical,0,0.397,medium
C1057,41,57,90.38,1,5,web,product,1,0.057,medium
C1058,58,62,140.26,3,4,web,billing,1,0.518,high
C1059,40,3,109.43,3,4,call,billing,1,0.376,high
C1060,34,42,30.1,3,5,store,account,1,0.123,high
C1061,58,41,82.47,1,4,call,billing,1,0.106,medium
C1062,53,26,152.38,4,2,call,technical,1,0.153,critical
C1063,25,48,82.52,6,3,web,product,1,0.206,high
C1064,54,30,26.98,2,3,web,billing,1,0.754,medium
C1065,57,32,156.26,3,1,call,billing,0,0.382,critical
C1066,38,31,113.88,2,3,call,billing,1,0.437,medium
C1067,66,57,87.55,1,3,store,technical,1,0.598,medium
C1068,51,45,77.0,3,2,web,account,1,0.96,critical
C1069,35,27,127.88,3,1,app,technical,1,0.756,critical
C1070,18,66,71.03,3,3,web,technical,0,0.646,high
C1071,53,57,130.19,2,3,call,technical,1,0.744,medium
C1072,28,67,108.98,5,1,web,account,1,0.719,critical
C1073,57,52,98.56,2,4,call,billing,0,0.69,medium
C1074,45,28,95.09,2,1,store,account,1,0.496,critical
C1075,42,55,83.88,2,1,call,technical,1,0.567,critical
C1076,26,24,126.6,3,3,web,account,1,0.461,high
C1077,54,20,59.71,2,2,store,technical,1,0.395,critical
C1078,26,33,33.23,1,5,web,billing,1,0.271,medium
C1079,39,69,111.51,1,1,call,technical,0,0.355,critical
C1080,61,41,112.09,3,2,web,billing,1,0.429,critical
C1081,65,28,106.81,1,4,web,product,1,0.579,medium
C1082,69,33,104.27,4,2,call,product,1,0.5,critical
C1083,67,21,78.78,1,5,web,product,1,0.108,medium
C1084,46,47,117.56,3,4,web,billing,1,0.34,high
C1085,28,25,88.41,2,5,app,product,1,0.376,medium
C1086,61,40,72.95,0,5,app,technical,1,0.707,medium
C1087,59,27,79.08,1,1,app,account,1,0.333,critical
C1088,69,23,160.72,1,3,web,product,1,0.008,medium
C1089,51,69,29.28,2,4,store,product,1,0.084,medium
C1090,25,25,107.49,3,1,call,account,1,0.497,critical
C1091,44,6,31.23,3,3,web,product,1,0.188,high
C1092,41,27,86.21,4,4,call,product,1,0.495,high
C1093,61,38,74.82,4,4,web,billing,0,0.574,high
C1094,38,7,20.0,2,3,app,product,1,0.933,critical
C1095,35,22,103.62,4,5,call,technical,1,0.656,high
C1096,22,12,76.7,3,4,store,billing,1,0.031,high
C1097,61,36,20.0,3,1,store,account,1,0.381,critical
C1098,57,52,119.38,6,2,web,billing,0,0.793,critical
C1099,20,69,140.23,1,5,web,product,1,0.261,medium
C1100,40,28,142.15,2,1,call,billing,1,0.925,critical
C1101,42,62,102.56,3,1,store,technical,1,0.529,critical
C1102,42,16,91.61,4,2,store,account,1,0.092,critical
C1103,65,56,136.49,0,5,web,billing,0,0.242,medium
C1104,25,40,148.88,4,4,call,product,0,0.906,critical
C1105,33,54,129.67,1,1,web,product,1,0.991,critical
C1106,27,54,57.05,2,2,web,account,1,0.863,critical
C1107,30,38,97.05,3,5,app,billing,1,0.321,high
C1108,65,19,105.38,2,2,store,product,1,0.769,critical
C1109,66,38,26.66,1,3,store,technical,0,0.222,medium
C1110,20,59,106.43,3,3,app,technical,1,0.385,high
C1111,50,69,169.55,2,4,web,technical,0,0.697,medium
C1112,30,66,112.4,3,4,app,technical,1,0.969,critical
C1113,28,13,141.57,3,5,call,technical,1,0.439,high
C1114,33,43,96.4,1,1,call,billing,1,0.496,critical
C1115,28,8,87.44,2,3,web,technical,1,0.22,medium
C1116,43,48,103.34,1,4,web,product,1,0.403,medium
C1117,69,71,61.45,3,3,store,technical,1,0.063,high
C1118,48,4,56.27,1,4,web,billing,1,0.859,critical
C1119,55,47,134.32,1,4,web,technical,1,0.023,medium
C1120,43,68,138.03,3,2,store,technical,1,0.684,critical
C1121,18,61,55.31,3,1,call,product,0,0.273,critical
C1122,22,28,123.88,0,5,web,account,1,0.476,medium
C1123,31,8,86.96,3,5,call,product,1,0.282,high
C1124,30,66,101.89,2,5,app,product,1,0.4,medium
C1125,61,66,106.11,1,2,call,billing,1,0.547,critical
C1126,61,42,124.8,2,2,call,account,0,0.641,critical
C1127,62,70,92.9,1,2,call,technical,1,0.94,critical
C1128,51,1,139.36,1,1,web,technical,1,0.332,critical
C1129,46,44,100.83,4,1,web,billing,1,0.585,critical
C1130,51,3,111.85,5,2,app,billing,1,0.902,critical
C1131,39,67,60.84,3,5,call,product,1,0.29,high
C1132,52,49,165.55,5,2,call,billing,1,0.865,critical
C1133,59,65,106.44,2,3,app,billing,1,0.958,critical
C1134,57,40,114.95,3,3,web,billing,0,0.847,critical
C1135,49,6,33.71,4,2,web,account,1,0.57,critical
C1136,21,2,61.21,1,5,call,product,1,0.722,medium
C1137,55,24,133.33,0,1,web,account,1,0.481,critical
C1138,37,53,100.04,1,5,store,account,1,0.597,medium
C1139,56,11,23.02,1,4,app,account,1,0.974,critical
C1140,46,61,126.34,2,2,call,technical,1,0.251,critical
C1141,63,18,70.97,2,4,web,billing,1,0.793,medium
C1142,35,36,139.4,0,3,call,technical,1,0.506,medium
C1143,66,15,86.93,2,5,web,billing,1,0.177,medium
C1144,61,34,97.16,1,1,app,product,1,0.644,critical
C1145,35,33,131.26,1,1,web,billing,1,0.792,critical
C1146,43,1,58.59,2,3,app,billing,1,0.569,medium
C1147,45,41,55.25,2,5,store,product,0,0.837,critical
C1148,57,56,83.12,1,1,store,billing,1,0.366,critical
C1149,53,67,118.95,3,4,store,billing,1,0.914,critical
C1150,62,24,43.42,2,5,web,billing,1,0.648,medium
C1151,37,63,31.62,3,3,store,product,1,0.803,critical
C1152,44,63,118.83,1,5,app,billing,1,0.273,medium
C1153,40,71,68.9,2,4,app,billing,1,0.446,medium
C1154,65,27,76.27,2,2,web,billing,1,0.91,critical
C1155,33,61,25.01,1,5,call,product,1,0.051,medium
C1156,48,41,66.24,0,4,app,billing,1,0.404,medium
C1157,24,5,89.74,0,1,app,billing,1,0.78,critical
C1158,62,20,122.56,5,3,store,account,1,0.744,high
C1159,37,48,63.01,4,4,web,account,1,0.852,critical
C1160,35,12,148.01,3,5,app,billing,0,0.739,high
C1161,48,31,66.04,4,4,web,billing,1,0.947,critical
C1162,43,56,66.09,2,3,web,billing,0,0.498,medium
C1163,62,11,143.81,2,2,call,product,1,0.624,critical
C1164,45,36,97.4,1,1,web,billing,1,0.848,critical
C1165,44,16,70.68,2,1,app,account,1,0.702,critical
C1166,23,39,84.57,5,4,web,account,1,0.102,high
C1167,19,18,137.36,4,5,call,product,1,0.367,high
C1168,38,69,141.32,1,1,app,billing,1,0.553,critical
C1169,69,6,61.41,3,4,app,account,1,0.755,high
C1170,65,69,88.51,1,3,app,product,1,0.544,medium
C1171,50,57,93.16,2,1,app,product,0,0.778,critical
C1172,50,61,55.48,2,2,web,billing,1,0.838,critical
C1173,38,61,88.05,2,2,app,product,0,0.265,critical
C1174,27,14,90.19,2,4,app,account,1,0.616,medium
C1175,18,67,129.91,2,2,store,account,1,0.557,critical
C1176,35,43,132.26,6,5,store,product,1,0.227,high
C1177,34,69,78.48,2,2,web,technical,1,0.49,critical
C1178,27,63,82.51,1,1,store,technical,1,0.549,critical
C1179,31,42,113.25,1,1,call,product,1,0.817,critical
C1180,19,27,69.52,3,3,store,account,1,0.461,high
C1181,49,9,110.6,3,3,store,product,1,0.081,high
C1182,66,8,86.92,1,4,store,billing,0,0.487,medium
C1183,53,28,56.07,3,3,web,billing,1,0.838,critical
C1184,41,58,56.51,1,1,app,product,1,0.571,critical
C1185,39,36,140.65,0,2,web,account,1,0.319,critical
C1186,33,35,84.53,0,3,web,billing,1,0.921,critical
C1187,25,18,147.41,0,2,web,technical,1,0.156,critical
C1188,49,41,72.02,3,4,app,account,1,0.327,high
C1189,47,46,100.19,0,5,app,technical,1,0.437,medium
C1190,18,70,173.74,3,2,web,billing,1,0.738,critical
C1191,39,52,52.99,0,3,web,technical,1,0.836,critical
C1192,32,44,23.58,3,5,store,technical,1,0.059,high
C1193,26,65,135.03,0,2,web,billing,1,0.792,critical
C1194,54,31,61.06,4,3,call,product,0,0.721,high
C1195,45,67,89.28,4,2,web,product,1,0.895,critical
C1196,50,27,69.49,4,4,store,product,1,0.9,critical
C1197,55,10,99.39,2,4,web,product,0,0.778,medium
C1198,69,30,56.73,2,1,store,billing,1,0.19,critical
C1199,59,10,83.7,1,1,store,billing,1,0.314,critical
C1200,50,9,105.74,3,1,web,billing,1,0.936,critical
C1201,63,63,54.71,3,1,web,billing,1,0.598,critical
C1202,42,57,65.5,5,1,web,product,1,0.539,critical
C1203,69,16,77.84,1,4,web,billing,1,0.916,critical
C1204,57,60,39.99,3,5,app,product,1,0.874,critical
C1205,51,5,75.21,6,3,web,billing,1,0.727,high
C1206,64,21,94.16,1,5,web,billing,1,0.882,critical
C1207,44,51,76.02,0,4,web,billing,0,0.114,medium
C1208,55,22,80.5,1,5,call,technical,1,0.758,medium
C1209,32,52,89.3,2,4,app,product,1,0.966,critical
C1210,68,63,67.05,4,1,call,account,1,0.049,critical
C1211,50,5,114.19,2,3,call,billing,1,0.223,medium
C1212,58,2,140.26,5,3,app,product,1,0.794,high
C1213,41,67,73.75,2,4,store,product,1,0.52,medium
C1214,63,37,106.98,0,4,app,technical,1,0.087,medium
C1215,21,36,81.61,6,1,call,billing,1,0.268,critical
C1216,23,33,102.79,1,4,web,billing,1,0.324,medium
C1217,44,31,144.8,1,5,store,billing,1,0.321,medium
C1218,56,49,107.8,3,1,web,account,1,0.878,critical
C1219,60,42,27.93,2,3,web,technical,1,0.662,medium
C1220,40,12,105.89,1,5,app,technical,1,0.735,medium
C1221,51,45,133.15,1,1,web,product,1,0.014,critical
C1222,46,48,82.24,1,1,call,technical,1,0.428,critical
C1223,67,9,124.85,1,5,app,product,1,0.318,medium
C1224,52,27,65.85,2,1,store,billing,1,0.852,critical
C1225,39,57,38.01,1,4,web,technical,0,0.954,critical
C1226,68,44,94.94,4,5,call,billing,1,0.423,high
C1227,23,10,28.52,1,3,app,billing,1,0.973,critical
C1228,69,3,81.61,1,3,web,billing,0,0.014,medium
C1229,26,42,135.04,2,3,web,product,1,0.326,medium
C1230,32,33,23.16,0,2,call,product,1,0.775,critical
C1231,60,69,45.22,5,2,app,product,1,0.36,critical
C1232,56,38,53.88,2,3,web,billing,0,0.921,critical
C1233,68,67,87.78,2,5,web,account,1,0.218,medium
C1234,56,16,77.2,1,5,app,billing,1,0.796,medium
C1235,51,32,138.97,2,5,web,account,0,0.202,medium
C1236,36,10,123.4,3,1,web,product,1,0.197,critical
C1237,18,41,107.33,2,2,store,product,0,0.446,critical
C1238,24,14,95.1,6,4,web,technical,1,0.945,critical
C1239,33,35,103.76,5,3,web,product,0,0.585,high
C1240,20,25,59.83,3,2,call,product,1,0.635,critical
C1241,44,14,120.0,2,2,call,billing,1,0.01,critical
C1242,58,7,51.08,1,1,store,product,0,0.057,critical
C1243,68,37,119.24,3,2,web,billing,1,0.067,critical
C1244,43,68,131.51,6,3,store,technical,1,0.82,critical
C1245,63,15,97.38,0,3,call,product,1,0.237,medium
C1246,69,29,83.83,2,3,app,account,0,0.329,medium
C1247,62,16,104.01,3,2,call,technical,1,0.61,critical
C1248,42,58,20.0,6,2,call,billing,0,0.584,critical
C1249,34,30,100.58,3,5,app,technical,1,0.411,high
C1250,68,70,86.03,3,3,app,billing,1,0.004,high
C1251,30,18,88.23,1,2,web,technical,1,0.45,critical
C1252,39,6,114.73,1,4,app,technical,0,0.739,medium
C1253,21,42,87.38,2,3,app,product,1,0.235,medium
C1254,59,47,50.09,3,3,web,billing,1,0.708,high
C1255,51,71,85.05,3,2,web,billing,1,0.015,critical
C1256,22,62,92.36,3,4,call,technical,0,0.908,critical
C1257,29,63,94.02,4,1,store,billing,1,0.95,critical
C1258,46,46,95.67,2,5,call,billing,1,0.002,medium
C1259,46,26,126.38,0,3,store,technical,1,0.458,medium
C1260,59,31,51.99,0,3,web,technical,1,0.414,medium
C1261,31,10,96.15,1,2,web,billing,1,0.842,critical
C1262,66,31,135.15,5,3,app,product,0,0.541,high
C1263,41,26,29.29,7,4,web,account,1,0.611,high
C1264,60,3,96.29,1,3,call,technical,1,0.203,medium
C1265,30,15,69.51,0,1,web,billing,1,0.077,critical
C1266,19,38,77.03,1,3,store,billing,1,0.692,medium
C1267,20,27,58.33,1,2,store,billing,1,0.621,critical
C1268,37,71,84.07,3,1,web,product,1,0.832,critical
C1269,67,34,154.44,0,5,call,product,1,0.845,critical
C1270,20,69,45.74,0,2,call,billing,1,0.631,critical
C1271,37,47,49.06,4,3,web,billing,1,0.538,high
C1272,23,3,44.43,0,1,web,technical,1,0.914,critical
C1273,66,15,150.46,2,2,call,technical,1,0.801,critical
C1274,53,51,73.82,2,2,call,account,1,0.882,critical
C1275,57,39,89.1,1,1,store,billing,1,0.996,critical
C1276,55,22,75.9,1,5,call,billing,1,0.404,medium
C1277,52,38,56.95,1,2,web,technical,1,0.717,critical
C1278,58,65,81.77,4,3,web,billing,1,0.688,high
C1279,18,28,176.04,0,3,call,billing,1,0.174,medium
C1280,63,4,138.72,3,3,call,technical,1,0.637,high
C1281,56,23,60.15,2,3,app,technical,1,0.428,medium
C1282,56,67,112.67,2,3,web,billing,1,0.451,medium
C1283,38,55,60.9,1,1,store,product,1,0.18,critical
C1284,59,60,27.83,2,4,call,technical,1,0.745,medium
C1285,37,65,125.68,2,1,web,billing,1,0.698,critical
C1286,20,9,130.6,0,3,store,account,1,0.532,medium
C1287,65,21,126.61,1,2,call,billing,1,0.157,critical
C1288,30,5,73.55,4,3,web,account,1,0.557,high
C1289,23,1,84.16,2,1,web,account,1,0.1,critical
C1290,50,60,116.24,3,4,web,technical,1,0.339,high
C1291,30,67,103.7,2,3,app,billing,1,0.372,medium
C1292,62,12,76.22,4,1,web,account,1,0.883,critical
C1293,41,52,33.33,3,1,web,technical,1,0.416,critical
C1294,18,38,93.99,1,3,web,billing,1,0.598,medium
C1295,67,5,127.77,5,4,web,product,1,0.875,critical
C1296,44,66,48.08,2,3,web,technical,1,0.426,medium
C1297,31,62,112.36,0,4,call,account,1,0.884,critical
C1298,53,41,101.6,1,4,web,product,0,0.136,medium
C1299,45,51,116.26,1,5,web,account,1,0.365,medium
C1300,19,29,120.52,1,5,web,product,1,0.095,medium
C1301,57,57,65.69,3,5,store,product,1,0.561,high
C1302,38,32,33.41,6,4,web,technical,0,0.957,critical
C1303,54,71,71.33,2,3,call,account,1,0.657,medium
C1304,64,5,121.12,1,3,call,account,1,0.626,medium
C1305,49,13,71.03,4,4,call,account,1,0.278,high
C1306,52,69,65.71,3,1,web,product,1,0.931,critical
C1307,31,21,26.25,1,4,app,product,1,0.472,medium
C1308,30,23,151.34,2,3,call,billing,0,0.267,medium
C1309,39,57,118.9,1,3,web,account,0,0.988,critical
C1310,62,14,116.95,2,5,store,billing,0,0.423,medium
C1311,45,37,123.87,2,4,call,billing,1,0.371,medium
C1312,36,21,110.18,5,5,web,technical,1,0.035,high
C1313,58,15,81.45,8,5,web,product,1,0.178,high
C1314,62,69,84.27,1,5,call,product,1,0.809,critical
C1315,64,15,75.04,4,2,web,billing,1,0.483,critical
C1316,33,7,182.22,2,1,app,billing,1,0.955,critical
C1317,54,48,109.46,0,2,web,billing,1,0.084,critical
C1318,48,62,73.77,4,4,web,technical,0,0.616,high
C1319,41,10,106.29,0,5,web,billing,0,0.72,medium
C1320,38,51,54.62,2,5,web,product,1,0.621,medium
C1321,23,39,142.66,1,4,app,billing,1,0.53,medium
C1322,32,59,66.86,2,4,app,technical,1,0.578,medium
C1323,46,10,107.54,0,5,app,technical,1,0.69,medium
C1324,64,70,127.31,1,4,store,technical,1,0.863,critical
C1325,63,44,103.47,1,1,store,account,1,0.336,critical
C1326,27,60,93.31,2,3,web,billing,1,0.46,medium
C1327,53,26,90.38,4,2,web,technical,0,0.636,critical
C1328,22,67,88.02,4,4,app,product,0,0.314,high
C1329,53,45,69.82,0,4,store,billing,1,0.179,medium
C1330,35,10,74.27,4,2,store,account,1,0.966,critical
C1331,41,66,141.79,1,2,store,account,1,0.195,critical
C1332,55,57,86.2,5,1,call,product,1,0.233,critical
C1333,40,22,62.5,3,2,web,account,1,0.619,critical
C1334,59,39,71.93,1,5,call,technical,1,0.077,medium
C1335,45,28,128.51,1,4,call,technical,1,0.034,medium
C1336,69,39,113.65,1,5,app,billing,1,0.064,medium
C1337,51,69,109.61,0,5,web,billing,1,0.123,medium
C1338,33,64,80.99,1,5,web,billing,0,0.429,medium
C1339,58,16,110.07,2,1,store,technical,1,0.829,critical
C1340,39,69,67.48,1,2,app,technical,1,0.342,critical
C1341,45,32,80.91,3,1,app,billing,0,0.428,critical
C1342,25,51,123.94,3,1,store,product,1,0.6,critical
C1343,24,55,120.6,5,2,web,billing,1,0.302,critical
C1344,47,35,55.63,5,2,web,technical,0,0.433,critical
C1345,27,33,60.06,1,1,call,billing,1,0.386,critical
C1346,69,33,93.8,3,5,web,product,1,0.342,high
C1347,62,62,150.41,3,3,store,technical,1,0.388,high
C1348,54,28,22.96,1,4,app,product,1,0.011,medium
C1349,56,20,99.74,3,4,web,billing,1,0.886,critical
C1350,48,26,41.84,2,5,web,technical,1,0.977,critical
C1351,21,14,67.8,3,1,web,account,1,0.862,critical
C1352,38,28,77.25,4,2,web,billing,1,0.006,critical
C1353,43,9,75.28,1,2,call,technical,0,0.751,critical
C1354,65,7,71.32,3,3,web,billing,1,0.573,high
C1355,29,52,90.25,1,3,web,billing,1,0.094,medium
C1356,43,6,71.27,1,4,web,technical,0,0.933,critical
C1357,35,41,38.81,2,3,web,billing,1,0.776,medium
C1358,24,56,117.3,2,2,call,technical,1,0.145,critical
C1359,23,52,116.35,5,3,call,account,1,0.964,critical
C1360,36,32,119.51,2,5,store,billing,1,0.126,medium
C1361,22,14,36.07,1,3,store,billing,1,0.455,medium
C1362,21,67,100.46,2,3,web,account,1,0.159,medium
C1363,36,60,113.66,2,1,store,technical,0,0.15,critical
C1364,28,44,53.91,3,1,web,account,1,0.968,critical
C1365,46,7,90.32,1,2,app,technical,1,0.572,critical
C1366,18,3,85.93,0,1,web,product,1,0.259,critical
C1367,33,23,154.48,3,3,store,account,0,0.776,high
C1368,41,12,157.36,3,5,web,billing,1,0.875,critical
C1369,68,62,31.75,2,3,call,account,1,0.918,critical
C1370,50,15,177.29,4,4,web,product,1,0.933,critical
C1371,63,21,57.97,2,5,app,account,1,0.906,critical
C1372,35,70,124.32,2,4,web,billing,0,0.639,medium
C1373,41,59,123.97,2,4,app,technical,1,0.342,medium
C1374,39,16,55.15,2,4,call,billing,1,0.926,critical
C1375,64,28,107.26,0,2,web,account,1,0.122,critical
C1376,67,37,86.24,2,3,web,billing,1,0.169,medium
C1377,68,48,109.4,3,2,web,billing,1,0.434,critical
C1378,57,67,98.07,2,4,app,account,1,0.284,medium
C1379,44,62,131.87,3,3,app,technical,1,0.616,high
C1380,46,70,92.64,0,5,web,product,1,0.905,critical
C1381,68,3,84.12,4,1,web,billing,1,0.491,critical
C1382,32,17,128.36,4,1,web,product,1,0.554,critical
C1383,36,40,110.31,0,4,web,billing,1,0.423,medium
C1384,64,4,115.61,3,4,call,technical,1,0.708,high
C1385,38,26,66.74,2,4,web,technical,0,0.101,medium
C1386,30,11,53.42,1,2,web,technical,0,0.049,critical
C1387,47,67,70.13,1,1,app,billing,0,0.641,critical
C1388,34,5,68.27,0,2,call,billing,1,0.535,critical
C1389,64,11,117.52,1,3,call,product,1,0.407,medium
C1390,65,14,124.16,0,3,web,billing,0,0.334,medium
C1391,33,11,84.57,4,5,app,billing,1,0.052,high
C1392,45,41,140.08,4,5,store,technical,1,0.681,high
C1393,69,26,137.9,2,4,store,technical,0,0.421,medium
C1394,56,65,98.52,0,1,web,product,1,0.445,critical
C1395,29,19,61.23,3,1,app,technical,1,0.893,critical
C1396,48,39,145.14,2,3,store,account,1,0.738,medium
C1397,50,47,87.86,3,4,app,product,1,0.219,high
C1398,51,45,94.42,2,4,call,account,1,0.657,medium
C1399,19,57,78.11,0,2,call,product,1,0.132,critical
C1400,33,15,58.86,1,1,call,billing,1,0.194,critical
C1401,62,37,38.6,2,2,app,account,1,0.714,critical
C1402,30,57,112.15,2,4,web,product,1,0.126,medium
C1403,33,62,62.58,4,5,web,product,1,0.28,high
C1404,34,44,197.08,0,5,call,billing,1,0.898,critical
C1405,27,47,51.99,1,3,store,billing,0,0.738,medium
C1406,26,62,45.99,1,1,store,product,1,0.929,critical
C1407,36,45,107.85,4,5,call,technical,0,0.882,critical
C1408,63,68,143.53,0,1,store,product,1,0.313,critical
C1409,18,10,92.26,3,2,call,technical,1,0.632,critical
C1410,32,25,110.03,2,5,web,technical,1,0.379,medium
C1411,21,8,25.48,4,3,app,billing,1,0.697,high
C1412,47,7,66.29,1,1,web,billing,1,0.348,critical
C1413,31,34,52.42,3,3,call,billing,1,0.001,high
C1414,59,17,23.67,2,1,app,account,1,0.094,critical
C1415,48,29,94.09,1,2,web,product,0,0.771,critical
C1416,58,32,20.0,2,5,web,account,1,0.084,medium
C1417,51,45,43.72,3,2,web,product,0,0.599,critical
C1418,40,68,71.2,2,5,store,product,1,0.858,critical
C1419,62,61,60.9,4,3,store,technical,0,0.741,high
C1420,42,27,103.87,3,4,web,account,1,0.413,high
C1421,67,24,100.7,0,4,app,account,1,0.209,medium
C1422,69,55,121.28,1,3,web,product,1,0.923,critical
C1423,48,9,116.33,3,1,store,billing,0,0.566,critical
C1424,53,39,129.93,4,5,store,product,1,0.405,high
C1425,31,31,89.93,0,3,web,billing,1,0.942,critical
C1426,60,13,100.62,2,4,web,billing,0,0.215,medium
C1427,52,44,107.9,5,3,app,product,1,0.442,high
C1428,64,23,94.96,3,4,call,account,1,0.109,high
C1429,31,14,76.1,5,2,web,billing,1,0.125,critical
C1430,58,47,78.36,0,5,call,billing,1,0.399,medium
C1431,42,13,61.39,0,2,store,account,1,0.7,critical
C1432,27,48,104.76,2,4,web,billing,1,0.339,medium
C1433,26,12,86.71,1,3,call,billing,1,0.69,medium
C1434,47,31,66.79,3,3,store,product,1,0.805,critical
C1435,34,58,66.82,1,1,web,account,1,0.878,critical
C1436,23,17,47.64,1,2,app,technical,0,0.045,critical
C1437,40,55,124.26,4,1,web,technical,1,0.774,critical
C1438,51,52,92.75,2,3,web,technical,1,0.147,medium
C1439,34,65,59.8,3,4,web,billing,1,0.698,high
C1440,67,12,118.3,1,3,call,product,1,0.372,medium
C1441,58,51,70.38,1,4,call,account,1,0.708,medium
C1442,44,67,40.77,3,2,app,technical,1,0.214,critical
C1443,66,55,125.74,3,2,web,billing,1,0.645,critical
C1444,40,14,71.2,4,3,call,billing,1,0.126,high
C1445,25,59,75.69,3,2,store,billing,0,0.17,critical
C1446,19,8,91.44,5,5,web,billing,1,0.614,high
C1447,66,42,129.99,1,5,web,billing,1,0.337,medium
C1448,67,36,90.7,2,3,app,product,1,0.704,medium
C1449,56,38,48.03,0,4,web,billing,1,0.685,medium
C1450,23,37,109.04,1,1,call,product,1,0.622,critical
C1451,33,3,73.03,2,1,store,technical,0,0.731,critical
C1452,20,37,156.08,2,2,web,account,1,0.794,critical
C1453,20,67,89.96,3,2,app,account,1,0.911,critical
C1454,30,32,20.0,5,2,app,technical,1,0.081,critical
C1455,47,20,102.51,5,3,store,billing,1,0.572,high
C1456,21,71,158.06,4,4,call,product,0,0.749,high
C1457,69,8,145.16,4,3,store,billing,1,0.217,high
C1458,41,35,154.08,3,3,call,billing,1,0.264,high
C1459,31,37,54.31,4,1,web,billing,1,0.267,critical
C1460,44,34,121.93,0,2,store,account,0,0.572,critical
C1461,59,66,64.73,1,5,web,billing,0,0.366,medium
C1462,34,30,97.85,0,5,store,technical,1,0.666,medium
C1463,20,70,45.45,2,1,store,technical,1,0.61,critical
C1464,20,5,67.44,5,1,web,product,1,0.657,critical
C1465,62,53,66.33,0,5,app,billing,1,0.252,medium
C1466,23,43,121.45,3,1,web,account,1,0.767,critical
C1467,51,18,118.03,0,3,web,product,1,0.664,medium
C1468,37,17,99.69,4,5,web,technical,1,0.131,high
C1469,58,52,42.74,0,4,call,technical,1,0.2,medium
C1470,21,46,79.09,2,3,web,account,1,0.301,medium
C1471,64,44,63.89,2,2,store,product,1,0.936,critical
C1472,54,4,120.44,0,4,call,technical,1,0.326,medium
C1473,41,43,131.24,3,4,web,technical,1,0.02,high
C1474,28,70,126.97,1,5,app,billing,0,0.142,medium
C1475,68,2,63.57,4,3,web,billing,0,0.032,high
C1476,33,34,20.0,3,5,call,billing,1,0.403,high
C1477,43,36,28.16,2,4,web,billing,1,0.797,medium
C1478,38,64,139.76,3,1,call,billing,1,0.45,critical
C1479,29,21,75.96,6,2,app,account,1,0.839,critical
C1480,39,34,63.72,1,4,web,product,1,0.048,medium
C1481,25,51,147.49,3,1,web,account,0,0.47,critical
C1482,18,5,134.28,1,4,web,product,1,0.787,medium
C1483,33,57,90.86,2,2,web,product,1,0.675,critical
C1484,23,59,79.73,2,2,app,billing,1,0.853,critical
C1485,39,52,85.38,1,3,store,product,1,0.274,medium
C1486,62,47,97.95,1,5,call,billing,1,0.501,medium
C1487,26,54,146.0,3,5,app,technical,1,0.677,high
C1488,18,56,104.79,1,3,app,account,0,0.168,medium
C1489,23,65,115.41,3,1,app,account,1,0.816,critical
C1490,44,31,130.92,2,5,web,billing,1,0.311,medium
C1491,32,33,49.06,1,5,web,product,1,0.093,medium
C1492,43,46,116.42,4,4,web,billing,1,0.766,high
C1493,19,14,79.69,1,4,web,billing,1,0.705,medium
C1494,35,61,20.0,3,3,web,billing,1,0.884,critical
C1495,39,55,20.0,2,1,web,billing,1,0.892,critical
C1496,40,45,54.37,2,1,web,product,0,0.279,critical
C1497,46,22,108.59,2,1,store,technical,1,0.641,critical
C1498,58,25,93.98,2,5,web,billing,0,0.999,critical
C1499,42,31,96.45,2,1,web,account,1,0.244,critical
C1500,61,48,158.28,6,3,web,technical,0,0.473,high
